parcel_name,sws_rs,sws_gb,sws_ms,sws_fa,sws_rw,sws_total
gmd_17Networks_17,NA,NA,NA,NA,0.04886359020199,NA
gmd_17Networks_1,NA,NA,NA,NA,0.042370283770385,NA
zReHo_17Networks_15,0.01752400297832,NA,NA,NA,0.041528184780944,0.044540428762109
zReHo_17Networks_11,0.016879792296413,NA,NA,NA,0.04886359020199,NA
zReHo_17Networks_9,0.024345739320034,NA,NA,NA,0.041528184780944,NA
zReHo_17Networks_7,0.03974501423636,NA,NA,NA,NA,NA
zReHo_17Networks_5,0.043626187260898,NA,NA,NA,NA,NA
zReHo_17Networks_2,0.023079353970657,NA,NA,NA,NA,NA
zfALFF_17Networks_15,NA,NA,NA,NA,0.043513898027707,NA
zfALFF_17Networks_11,0.029929561754879,NA,NA,NA,NA,NA
zfALFF_17Networks_9,0.024831920987231,NA,NA,NA,0.041528184780944,0.04447808578329
zfALFF_17Networks_8,0.048707177961764,NA,NA,NA,NA,NA
zfALFF_17Networks_5,0.03960872394604,NA,NA,NA,0.04886359020199,NA
zfALFF_17Networks_2,0.033329861043242,NA,NA,NA,NA,0.04961052048189
zDCwei_17Networks_11,0.024345739320034,NA,NA,NA,NA,NA
zDCwei_17Networks_9,0.026202266369916,NA,NA,NA,0.037709810484066,0.044540428762109
zDCwei_17Networks_5,0.049274538265003,NA,NA,NA,NA,NA
zDCwei_17Networks_1,NA,NA,0.049179098733603,NA,NA,NA
zDCbin_17Networks_11,0.028364375431148,NA,NA,NA,NA,NA
zDCbin_17Networks_9,0.034696386799194,NA,NA,NA,0.035375515465177,0.048666690964411
zDCbin_17Networks_1,NA,NA,0.049179098733603,NA,NA,NA
zALFF_17Networks_17,NA,NA,NA,NA,0.041528184780944,NA
zALFF_17Networks_6,NA,NA,NA,0.045724255434477,NA,NA
zALFF_17Networks_5,NA,NA,NA,0.036453782727283,NA,NA
zALFF_17Networks_4,NA,NA,NA,0.041913907181599,NA,NA
zALFF_17Networks_3,NA,NA,NA,0.047006516716513,NA,NA
zALFF_17Networks_2,NA,NA,NA,0.01658421035834,NA,0.041309255498928
zALFF_17Networks_1,0.008404457243249,NA,NA,0.000748216585163,NA,0.009778574333817
zReHo_lPFtha_L,0.024831920987231,NA,NA,NA,NA,NA
zReHo_Otha_L,0.040996408167613,NA,NA,NA,NA,NA
zReHo_Stha_R,0.033718800311398,NA,NA,NA,NA,NA
zReHo_Stha_L,0.029929561754879,NA,NA,NA,NA,NA
zReHo_mPMtha_R,0.028484448419602,NA,NA,NA,NA,NA
zReHo_mPMtha_L,0.03014669746383,NA,NA,NA,NA,NA
zReHo_mPFtha_R,0.048908673805351,NA,NA,NA,NA,NA
zReHo_mPFtha_L,0.026486006723466,NA,NA,NA,NA,NA
zReHo_dCa_R,NA,NA,0.049179098733603,NA,NA,NA
zReHo_dCa_L,NA,NA,0.049179098733603,NA,NA,NA
zReHo_cHipp_L,0.015503357870653,NA,NA,0.047006516716513,NA,0.039714234785231
zReHo_mAmyg_L,0.032276689891745,NA,NA,0.045724255434477,NA,0.033089177551158
zReHo_17Networks_RH_TempPar_9,NA,NA,NA,NA,0.046118508682166,NA
zReHo_17Networks_RH_TempPar_7,NA,NA,0.049179098733603,NA,0.047862474271207,NA
zReHo_17Networks_RH_DefaultB_PFCv_3,NA,NA,NA,NA,0.048911445428911,NA
zReHo_17Networks_RH_DefaultB_PFCv_2,NA,NA,NA,NA,0.035375515465177,NA
zReHo_17Networks_RH_DefaultA_PFCm_6,NA,NA,0.049179098733603,NA,NA,NA
zReHo_17Networks_RH_DefaultA_PFCm_5,0.04909903218292,NA,NA,NA,NA,0.04447808578329
zReHo_17Networks_RH_DefaultA_pCunPCC_3,NA,0.049185718715145,NA,NA,NA,NA
zReHo_17Networks_RH_DefaultA_IPL_2,NA,0.04797148140474,NA,0.036453782727283,NA,0.039524775840535
zReHo_17Networks_RH_DefaultA_IPL_1,NA,0.04797148140474,NA,NA,0.041528184780944,NA
zReHo_17Networks_RH_ContA_Cingm_1,NA,NA,0.049179098733603,NA,NA,NA
zReHo_17Networks_RH_ContA_PFCl_5,NA,NA,0.049179098733603,NA,NA,NA
zReHo_17Networks_RH_LimbicB_OFC_5,NA,0.04797148140474,NA,NA,NA,NA
zReHo_17Networks_RH_LimbicB_OFC_3,NA,0.04797148140474,0.049179098733603,NA,NA,NA
zReHo_17Networks_RH_LimbicB_OFC_2,NA,0.04797148140474,NA,NA,NA,NA
zReHo_17Networks_RH_SalVentAttnA_FrOper_2,NA,0.048787092967062,0.049179098733603,NA,NA,0.039987965805697
zReHo_17Networks_RH_SalVentAttnA_Ins_3,NA,NA,0.049179098733603,NA,NA,0.04447808578329
zReHo_17Networks_RH_DorsAttnB_FEF_3,NA,NA,0.049179098733603,NA,NA,0.043235049428021
zReHo_17Networks_RH_DorsAttnA_TempOcc_3,NA,0.04797148140474,NA,0.016999704441033,NA,0.031176501588136
zReHo_17Networks_RH_SomMotB_Cent_3,NA,0.04797148140474,NA,NA,NA,NA
zReHo_17Networks_RH_SomMotB_S2_6,NA,NA,NA,NA,0.047862474271207,NA
zReHo_17Networks_RH_SomMotB_S2_3,0.048854363747499,NA,NA,NA,NA,NA
zReHo_17Networks_RH_SomMotB_S2_2,NA,NA,NA,0.048326171502656,NA,NA
zReHo_17Networks_RH_SomMotB_S2_1,NA,NA,NA,NA,NA,0.04447808578329
zReHo_17Networks_RH_SomMotA_17,0.034331509351,NA,0.049179098733603,NA,NA,0.04447808578329
zReHo_17Networks_RH_SomMotA_14,NA,NA,0.049179098733603,NA,NA,NA
zReHo_17Networks_RH_SomMotA_9,0.026411208720006,NA,0.049179098733603,NA,NA,0.0292415330267
zReHo_17Networks_RH_VisCent_Striate_1,NA,NA,NA,0.047006516716513,0.041528184780944,NA
zReHo_17Networks_RH_VisCent_ExStr_6,NA,NA,0.049179098733603,0.036469555507003,NA,0.040176966219139
zReHo_17Networks_LH_TempPar_1,0.045124114568169,NA,NA,NA,NA,NA
zReHo_17Networks_LH_DefaultC_Rsp_2,NA,NA,NA,NA,0.041528184780944,NA
zReHo_17Networks_LH_DefaultB_Temp_5,NA,NA,0.049179098733603,NA,NA,NA
zReHo_17Networks_LH_DefaultA_pCunPCC_7,NA,NA,NA,NA,0.042548694426563,NA
zReHo_17Networks_LH_ContC_pCun_3,NA,NA,NA,NA,0.046118508682166,NA
zReHo_17Networks_LH_ContB_IPL_2,NA,NA,NA,NA,0.040773649251682,NA
zReHo_17Networks_LH_ContA_PFCl_3,NA,NA,NA,NA,0.046118508682166,NA
zReHo_17Networks_LH_ContA_PFCl_2,NA,NA,NA,NA,0.041528184780944,NA
zReHo_17Networks_LH_ContA_PFCl_1,NA,NA,NA,NA,0.041528184780944,NA
zReHo_17Networks_LH_ContA_PFClv_2,NA,NA,NA,NA,0.028404608994718,NA
zReHo_17Networks_LH_ContA_IPS_4,NA,NA,NA,NA,0.041528184780944,NA
zReHo_17Networks_LH_ContA_IPS_2,0.029929561754879,NA,NA,NA,NA,0.041309255498928
zReHo_17Networks_LH_LimbicA_TempPole_1,NA,NA,NA,NA,0.040780364262725,NA
zReHo_17Networks_LH_LimbicB_OFC_3,NA,0.04797148140474,NA,NA,NA,NA
zReHo_17Networks_LH_DorsAttnB_PostC_9,NA,0.04797148140474,NA,NA,NA,NA
zReHo_17Networks_LH_DorsAttnA_SPL_6,NA,NA,0.049179098733603,NA,NA,NA
zReHo_17Networks_LH_SomMotB_Aud_1,NA,0.04797148140474,NA,NA,0.046118508682166,NA
zReHo_17Networks_LH_SomMotA_15,0.048635115642327,NA,NA,NA,NA,NA
zReHo_17Networks_LH_SomMotA_13,NA,0.04797148140474,NA,NA,NA,NA
zReHo_17Networks_LH_SomMotA_12,NA,0.04797148140474,NA,NA,NA,0.043943963729318
zReHo_17Networks_LH_SomMotA_9,NA,NA,0.049179098733603,NA,NA,0.04447808578329
zReHo_17Networks_LH_SomMotA_8,0.040018663363571,NA,NA,0.046422601991831,NA,0.044540428762109
zReHo_17Networks_LH_SomMotA_5,0.015864959883771,NA,0.032758954603058,0.047006516716513,NA,0.011554573367279
zReHo_17Networks_LH_SomMotA_1,NA,NA,NA,0.047006516716513,NA,NA
zReHo_17Networks_LH_VisCent_Striate_1,0.041923420074786,NA,NA,NA,NA,NA
zReHo_17Networks_LH_VisCent_ExStr_6,0.048635115642327,NA,NA,NA,NA,NA
zReHo_17Networks_LH_VisCent_ExStr_5,0.019050352119087,NA,NA,NA,NA,NA
gmd_lPFtha_R,NA,NA,0.049179098733603,0.016999704441033,NA,0.026109301883924
gmd_cTtha_R,NA,0.04797148140474,NA,NA,0.041528184780944,NA
gmd_cTtha_L,NA,NA,NA,0.043293561030985,NA,NA
gmd_Stha_L,0.046858958780776,NA,NA,NA,NA,NA
gmd_dlPu_L,0.034696386799194,NA,NA,NA,NA,0.04276510218173
gmd_NAC_R,NA,NA,NA,NA,0.044912706058241,NA
gmd_cHipp_R,NA,NA,NA,NA,0.041528184780944,NA
gmd_cHipp_L,NA,NA,NA,NA,0.04886359020199,NA
gmd_17Networks_RH_TempPar_3,NA,NA,NA,0.047006516716513,NA,NA
gmd_17Networks_RH_TempPar_1,NA,NA,0.049865567985073,NA,NA,NA
gmd_17Networks_RH_DefaultC_PHC_1,NA,NA,0.049179098733603,NA,NA,NA
gmd_17Networks_RH_DefaultB_PFCd_2,NA,NA,NA,NA,NA,0.044082670420872
gmd_17Networks_RH_DefaultB_AntTemp_1,NA,NA,NA,NA,0.041528184780944,NA
gmd_17Networks_RH_DefaultA_PFCm_5,NA,NA,NA,NA,0.036684500684946,NA
gmd_17Networks_RH_DefaultA_PFCm_3,NA,NA,NA,NA,0.045443014996663,NA
gmd_17Networks_RH_DefaultA_PFCm_1,NA,NA,NA,NA,0.041528184780944,NA
gmd_17Networks_RH_DefaultA_pCunPCC_5,0.035875785426107,NA,NA,NA,NA,NA
gmd_17Networks_RH_DefaultA_pCunPCC_4,NA,NA,0.049179098733603,NA,NA,NA
gmd_17Networks_RH_DefaultA_PFCd_2,NA,0.04797148140474,NA,NA,NA,NA
gmd_17Networks_RH_DefaultA_IPL_1,NA,0.04797148140474,NA,NA,NA,NA
gmd_17Networks_RH_ContC_pCun_2,NA,NA,NA,0.043293561030985,NA,NA
gmd_17Networks_RH_ContB_PFCld_1,NA,NA,NA,NA,0.041528184780944,NA
gmd_17Networks_RH_ContB_IPL_1,0.038744994339704,NA,NA,NA,NA,NA
gmd_17Networks_RH_ContB_Temp_1,NA,NA,NA,NA,0.035375515465177,NA
gmd_17Networks_RH_ContA_IPS_2,0.028364375431148,NA,NA,NA,NA,NA
gmd_17Networks_RH_SalVentAttnB_PFCl_3,NA,NA,NA,NA,0.041528184780944,NA
gmd_17Networks_RH_SalVentAttnB_PFCl_2,NA,NA,NA,NA,0.035375515465177,NA
gmd_17Networks_RH_SalVentAttnA_ParMed_3,NA,NA,NA,0.045724255434477,NA,NA
gmd_17Networks_RH_SalVentAttnA_ParMed_2,NA,0.04797148140474,NA,NA,NA,NA
gmd_17Networks_RH_DorsAttnB_FEF_2,NA,NA,NA,NA,0.047862474271207,NA
gmd_17Networks_RH_DorsAttnA_SPL_3,NA,NA,NA,0.043293561030985,NA,NA
gmd_17Networks_RH_DorsAttnA_SPL_1,NA,NA,NA,0.043293561030985,NA,NA
gmd_17Networks_RH_SomMotB_S2_4,NA,NA,0.049179098733603,NA,NA,NA
gmd_17Networks_RH_SomMotA_19,NA,0.04797148140474,NA,NA,NA,NA
gmd_17Networks_RH_SomMotA_11,NA,NA,NA,0.021665680203126,NA,0.032872898931033
gmd_17Networks_RH_SomMotA_10,0.028508110230768,NA,NA,NA,NA,0.04447808578329
gmd_17Networks_RH_SomMotA_7,0.016427435173405,NA,NA,NA,NA,0.046238479196235
gmd_17Networks_RH_SomMotA_6,0.043378080487068,NA,NA,NA,NA,NA
gmd_17Networks_RH_SomMotA_5,NA,NA,NA,0.043293561030985,NA,NA
gmd_17Networks_RH_SomMotA_4,0.041579685322517,NA,0.049179098733603,NA,NA,0.044350964621572
gmd_17Networks_RH_VisPeri_ExStrSup_3,NA,NA,NA,0.043293561030985,NA,0.04447808578329
gmd_17Networks_RH_VisPeri_ExStrInf_4,NA,0.04797148140474,NA,NA,NA,NA
gmd_17Networks_RH_VisCent_ExStr_9,0.041579685322517,NA,NA,NA,NA,0.041309255498928
gmd_17Networks_RH_VisCent_ExStr_8,0.017007857727203,NA,0.049179098733603,NA,NA,0.03176354381959
gmd_17Networks_RH_VisCent_ExStr_7,0.046952526094726,NA,NA,NA,NA,NA
gmd_17Networks_RH_VisCent_ExStr_6,NA,0.04797148140474,NA,NA,NA,NA
gmd_17Networks_RH_VisCent_ExStr_4,NA,0.04797148140474,NA,NA,NA,NA
gmd_17Networks_RH_VisCent_ExStr_1,NA,NA,NA,NA,0.042274079435959,NA
gmd_17Networks_LH_DefaultC_PHC_1,NA,NA,NA,NA,0.041528184780944,NA
gmd_17Networks_LH_DefaultC_IPL_1,NA,NA,NA,NA,0.048972390637943,NA
gmd_17Networks_LH_DefaultB_PFCv_4,NA,0.04797148140474,NA,0.047006516716513,NA,0.04447808578329
gmd_17Networks_LH_DefaultB_PFCl_1,NA,NA,0.049179098733603,NA,0.041528184780944,NA
gmd_17Networks_LH_DefaultB_Temp_6,NA,NA,NA,NA,0.041528184780944,NA
gmd_17Networks_LH_DefaultB_Temp_5,NA,NA,NA,NA,0.042370283770385,NA
gmd_17Networks_LH_DefaultA_PFCm_6,NA,NA,0.049179098733603,NA,NA,NA
gmd_17Networks_LH_DefaultA_PFCm_4,NA,NA,NA,NA,0.041528184780944,NA
gmd_17Networks_LH_DefaultA_PFCm_3,NA,NA,NA,NA,0.047862474271207,NA
gmd_17Networks_LH_DefaultA_PFCm_2,NA,NA,NA,NA,0.041528184780944,NA
gmd_17Networks_LH_DefaultA_PFCm_1,NA,NA,NA,NA,0.042370283770385,NA
gmd_17Networks_LH_ContC_pCun_2,NA,NA,NA,NA,0.041528184780944,NA
gmd_17Networks_LH_ContA_PFCl_3,NA,NA,0.049179098733603,NA,NA,NA
gmd_17Networks_LH_ContA_IPS_5,0.034696386799194,NA,NA,NA,NA,NA
gmd_17Networks_LH_LimbicA_TempPole_6,NA,NA,0.049179098733603,NA,NA,NA
gmd_17Networks_LH_LimbicB_OFC_5,NA,NA,NA,0.039183507034882,NA,NA
gmd_17Networks_LH_LimbicB_OFC_2,NA,NA,NA,NA,0.028404608994718,NA
gmd_17Networks_LH_LimbicB_OFC_1,0.041923420074786,NA,NA,NA,NA,0.043235049428021
gmd_17Networks_LH_SalVentAttnB_PFCl_3,NA,NA,NA,NA,0.041528184780944,NA
gmd_17Networks_LH_SalVentAttnA_ParMed_2,NA,NA,NA,NA,0.035375515465177,NA
gmd_17Networks_LH_DorsAttnB_PrCv_1,NA,0.04797148140474,NA,NA,NA,NA
gmd_17Networks_LH_DorsAttnB_PostC_6,NA,NA,0.049179098733603,NA,NA,0.042786343995475
gmd_17Networks_LH_DorsAttnA_SPL_6,NA,NA,NA,NA,0.035375515465177,NA
gmd_17Networks_LH_DorsAttnA_SPL_5,NA,NA,0.049179098733603,NA,NA,NA
gmd_17Networks_LH_DorsAttnA_SPL_3,NA,NA,0.049179098733603,NA,0.040780364262725,NA
gmd_17Networks_LH_DorsAttnA_TempOcc_4,NA,NA,NA,0.043293561030985,NA,NA
gmd_17Networks_LH_SomMotB_S2_6,NA,0.048787092967062,NA,NA,NA,NA
gmd_17Networks_LH_SomMotB_S2_5,NA,NA,NA,0.046311119579873,NA,NA
gmd_17Networks_LH_SomMotB_S2_3,NA,NA,NA,NA,0.04886359020199,NA
gmd_17Networks_LH_SomMotB_S2_1,NA,NA,NA,NA,0.045443014996663,NA
gmd_17Networks_LH_SomMotA_16,0.043378080487068,NA,NA,NA,NA,NA
gmd_17Networks_LH_SomMotA_13,NA,NA,NA,0.043293561030985,NA,NA
gmd_17Networks_LH_SomMotA_11,NA,0.04797148140474,0.049179098733603,0.045724255434477,NA,0.026109301883924
gmd_17Networks_LH_SomMotA_8,NA,NA,NA,0.043293561030985,NA,NA
gmd_17Networks_LH_SomMotA_6,NA,NA,NA,NA,0.041528184780944,NA
gmd_17Networks_LH_SomMotA_3,NA,0.048218881537952,NA,NA,NA,NA
gmd_17Networks_LH_VisPeri_ExStrSup_2,NA,0.049185718715145,0.049179098733603,NA,NA,NA
gmd_17Networks_LH_VisPeri_ExStrSup_1,NA,NA,0.049179098733603,NA,NA,NA
gmd_17Networks_LH_VisPeri_ExStrInf_3,NA,NA,NA,0.046311119579873,NA,NA
gmd_17Networks_LH_VisPeri_ExStrInf_2,NA,0.048787092967062,NA,NA,NA,NA
gmd_17Networks_LH_VisCent_ExStr_10,NA,NA,0.049179098733603,NA,NA,NA
gmd_17Networks_LH_VisCent_ExStr_9,NA,NA,NA,NA,0.035375515465177,NA
gmd_17Networks_LH_VisCent_ExStr_3,NA,NA,0.049179098733603,NA,0.04886359020199,NA
gmd_17Networks_LH_VisCent_ExStr_1,NA,NA,NA,NA,0.041528184780944,NA
zfALFF_lPFtha_L,NA,NA,0.049179098733603,NA,NA,0.04447808578329
zfALFF_cTtha_L,NA,NA,0.049179098733603,NA,NA,0.04961052048189
zfALFF_Otha_R,NA,NA,0.049179098733603,NA,NA,NA
zfALFF_Otha_L,NA,NA,NA,0.047006516716513,NA,0.041309255498928
zfALFF_PPtha_R,NA,NA,0.049179098733603,NA,NA,NA
zfALFF_rTtha_R,NA,NA,0.049179098733603,0.045724255434477,NA,0.035628445120417
zfALFF_rTtha_L,NA,NA,0.049179098733603,0.048183453695863,NA,0.042336998359683
zfALFF_Stha_R,NA,NA,0.049179098733603,NA,0.047601704189196,0.032136943545218
zfALFF_Stha_L,NA,NA,0.049179098733603,0.047006516716513,NA,0.038103752608513
zfALFF_mPMtha_L,NA,NA,0.049179098733603,NA,NA,0.033089177551158
zfALFF_mPFtha_L,NA,NA,0.049179098733603,NA,NA,0.04961052048189
zfALFF_dlPu_R,0.048854363747499,NA,NA,NA,NA,NA
zfALFF_dCa_R,0.029929561754879,NA,NA,NA,NA,NA
zfALFF_NAC_R,NA,0.04797148140474,NA,NA,NA,NA
zfALFF_cHipp_L,0.007178888636167,NA,0.049179098733603,0.043293561030985,NA,0.014855420518547
zfALFF_rHipp_R,NA,0.04797148140474,0.049179098733603,NA,NA,0.033089177551158
zfALFF_rHipp_L,0.005720518284509,0.04797148140474,0.049179098733603,0.016999704441033,NA,0.006447047112337
zfALFF_lAmyg_R,NA,NA,0.049179098733603,0.043293561030985,NA,0.029898253386518
zfALFF_lAmyg_L,NA,0.04797148140474,NA,NA,NA,0.03444788297338
zfALFF_mAmyg_R,0.024345739320034,0.04797148140474,0.049179098733603,0.017296866947302,NA,0.014855420518547
zfALFF_mAmyg_L,0.007178888636167,0.04797148140474,0.049179098733603,0.017296866947302,0.041528184780944,0.006447047112337
zALFF_Otha_R,0.049393518081599,NA,NA,NA,NA,NA
zALFF_PPtha_R,0.024345739320034,NA,NA,NA,NA,NA
zALFF_dCa_L,0.035265334996474,NA,NA,NA,NA,0.048666690964411
zALFF_vCa_R,0.046572169949058,NA,NA,NA,NA,NA
zfALFF_17Networks_RH_TempPar_7,0.040018663363571,NA,NA,NA,NA,NA
zfALFF_17Networks_RH_TempPar_4,0.044932991479174,NA,NA,NA,NA,NA
zfALFF_17Networks_RH_TempPar_3,0.03960872394604,NA,NA,NA,NA,NA
zfALFF_17Networks_RH_DefaultC_PHC_1,NA,0.04797148140474,NA,NA,NA,NA
zfALFF_17Networks_RH_DefaultC_IPL_1,0.032013902622317,NA,NA,NA,NA,NA
zfALFF_17Networks_RH_DefaultB_PFCv_3,0.019983300926326,NA,NA,NA,NA,NA
zfALFF_17Networks_RH_DefaultB_PFCv_2,0.040018663363571,NA,NA,NA,NA,NA
zfALFF_17Networks_RH_DefaultB_PFCv_1,NA,0.04797148140474,0.049179098733603,NA,NA,NA
zfALFF_17Networks_RH_DefaultB_PFCd_3,0.021757642453837,NA,0.049179098733603,NA,NA,0.0292415330267
zfALFF_17Networks_RH_DefaultB_Temp_2,0.043378080487068,NA,NA,NA,NA,NA
zfALFF_17Networks_RH_DefaultB_Temp_1,0.00991687752167,NA,NA,NA,NA,0.04447808578329
zfALFF_17Networks_RH_DefaultA_PFCm_5,NA,0.04797148140474,NA,NA,NA,NA
zfALFF_17Networks_RH_DefaultA_PFCm_4,0.034500461472262,NA,0.049179098733603,NA,NA,0.0292415330267
zfALFF_17Networks_RH_DefaultA_PFCd_2,0.02872848514665,NA,NA,NA,NA,0.040288662266737
zfALFF_17Networks_RH_DefaultA_PFCd_1,0.006126253442846,NA,0.049179098733603,NA,NA,0.014855420518547
zfALFF_17Networks_RH_DefaultA_IPL_1,0.024345739320034,NA,NA,0.048183453695863,NA,0.03444788297338
zfALFF_17Networks_RH_ContC_Cingp_2,0.045615820524807,NA,NA,NA,NA,NA
zfALFF_17Networks_RH_ContC_Cingp_1,0.030358802440932,NA,NA,NA,NA,NA
zfALFF_17Networks_RH_ContC_pCun_4,NA,0.045570366832905,NA,NA,NA,0.043086750990909
zfALFF_17Networks_RH_ContC_pCun_2,NA,0.04797148140474,NA,NA,NA,0.04447808578329
zfALFF_17Networks_RH_ContB_PFCmp_1,0.01093011094579,NA,NA,NA,NA,0.027869800286828
zfALFF_17Networks_RH_ContB_PFClv_4,0.03014669746383,0.049959247299893,0.049179098733603,NA,NA,0.027869800286828
zfALFF_17Networks_RH_ContB_PFCld_3,0.007178888636167,NA,NA,NA,NA,0.035628445120417
zfALFF_17Networks_RH_ContB_PFCld_2,0.019741835438349,NA,NA,NA,NA,NA
zfALFF_17Networks_RH_ContB_PFCld_1,0.010475584100582,NA,0.049865567985073,NA,NA,0.0292415330267
zfALFF_17Networks_RH_ContB_IPL_3,0.010239142182882,NA,NA,NA,NA,0.046521825501342
zfALFF_17Networks_RH_ContB_IPL_2,0.043626187260898,NA,NA,NA,NA,NA
zfALFF_17Networks_RH_ContB_IPL_1,0.018584875061993,0.04797148140474,NA,NA,NA,0.0292415330267
zfALFF_17Networks_RH_ContB_Temp_2,0.021757642453837,NA,0.049179098733603,0.045724255434477,NA,0.0292415330267
zfALFF_17Networks_RH_ContB_Temp_1,0.04909903218292,NA,NA,NA,NA,NA
zfALFF_17Networks_RH_ContA_Cingm_1,0.024962800043355,NA,NA,NA,NA,0.041177301859391
zfALFF_17Networks_RH_ContA_PFCl_5,0.005722793697324,NA,NA,0.047006516716513,NA,0.021049219425849
zfALFF_17Networks_RH_ContA_PFCl_4,0.005720518284509,NA,0.049179098733603,0.036453782727283,0.035375515465177,0.011271375510173
zfALFF_17Networks_RH_ContA_PFCl_3,0.007178888636167,NA,0.049179098733603,NA,NA,0.016676536868844
zfALFF_17Networks_RH_ContA_PFCl_2,0.005722793697324,NA,0.049179098733603,NA,NA,0.026903880702785
zfALFF_17Networks_RH_ContA_PFCl_1,0.005399755729516,NA,0.049179098733603,NA,NA,0.009778574333817
zfALFF_17Networks_RH_ContA_PFCd_1,0.013148577284501,NA,NA,NA,NA,0.03859447712233
zfALFF_17Networks_RH_ContA_IPS_4,0.007682849559186,NA,NA,NA,NA,0.020950240934517
zfALFF_17Networks_RH_ContA_IPS_3,0.014233440272412,NA,NA,NA,NA,0.03444788297338
zfALFF_17Networks_RH_ContA_IPS_2,0.01093011094579,NA,NA,NA,NA,0.035628445120417
zfALFF_17Networks_RH_ContA_IPS_1,0.045170297387249,0.04797148140474,NA,NA,NA,0.038571567758869
zfALFF_17Networks_RH_LimbicB_OFC_2,NA,0.04797148140474,NA,NA,NA,NA
zfALFF_17Networks_RH_SalVentAttnB_PFCmp_2,0.007682849559186,NA,NA,NA,NA,0.026903880702785
zfALFF_17Networks_RH_SalVentAttnB_PFCmp_1,0.008404457243249,NA,0.049179098733603,0.047006516716513,0.035375515465177,0.014855420518547
zfALFF_17Networks_RH_SalVentAttnB_PFCl_3,0.043626187260898,NA,NA,NA,NA,0.040176966219139
zfALFF_17Networks_RH_SalVentAttnB_PFCl_2,0.014233440272412,NA,NA,NA,NA,0.0292415330267
zfALFF_17Networks_RH_SalVentAttnB_PFCl_1,0.005720518284509,0.04797148140474,0.049179098733603,0.043293561030985,NA,0.006447047112337
zfALFF_17Networks_RH_SalVentAttnB_PFClv_1,0.005720518284509,NA,NA,NA,NA,0.026109301883924
zfALFF_17Networks_RH_SalVentAttnA_FrMed_3,0.015503357870653,NA,NA,NA,NA,0.032872898931033
zfALFF_17Networks_RH_SalVentAttnA_ParMed_4,0.04909903218292,NA,NA,0.047006516716513,NA,0.04750728904574
zfALFF_17Networks_RH_SalVentAttnA_ParMed_3,0.016427435173405,0.04797148140474,NA,0.036453782727283,NA,0.023951422516612
zfALFF_17Networks_RH_SalVentAttnA_FrMed_2,0.010475584100582,NA,NA,0.047006516716513,NA,0.0292415330267
zfALFF_17Networks_RH_SalVentAttnA_ParMed_2,0.010475584100582,NA,NA,0.043293561030985,NA,0.040176966219139
zfALFF_17Networks_RH_SalVentAttnA_FrMed_1,0.01093011094579,NA,NA,0.043293561030985,NA,0.032136943545218
zfALFF_17Networks_RH_SalVentAttnA_FrOper_3,0.014233440272412,NA,NA,NA,NA,0.04620256910693
zfALFF_17Networks_RH_SalVentAttnA_FrOper_2,0.028484448419602,NA,NA,NA,NA,NA
zfALFF_17Networks_RH_SalVentAttnA_FrOper_1,0.014564836062952,NA,NA,NA,NA,NA
zfALFF_17Networks_RH_SalVentAttnA_Ins_3,NA,NA,0.049179098733603,NA,NA,NA
zfALFF_17Networks_RH_SalVentAttnA_Ins_2,NA,0.04797148140474,NA,NA,NA,NA
zfALFF_17Networks_RH_SalVentAttnA_Ins_1,NA,0.04983523062118,0.049179098733603,NA,NA,NA
zfALFF_17Networks_RH_SalVentAttnA_PrC_1,0.014233440272412,NA,NA,NA,0.046118508682166,0.03444788297338
zfALFF_17Networks_RH_SalVentAttnA_ParOper_3,0.007178888636167,NA,NA,NA,NA,0.021335797044423
zfALFF_17Networks_RH_SalVentAttnA_ParOper_2,0.03014669746383,NA,NA,NA,NA,NA
zfALFF_17Networks_RH_DorsAttnB_FEF_3,0.014233440272412,NA,NA,NA,NA,0.029279081953486
zfALFF_17Networks_RH_DorsAttnB_FEF_2,0.013410007437357,NA,NA,NA,0.04701425548453,0.032872898931033
zfALFF_17Networks_RH_DorsAttnB_FEF_1,0.01093011094579,NA,NA,NA,NA,0.043235049428021
zfALFF_17Networks_RH_DorsAttnB_PostC_5,0.014233440272412,NA,NA,0.043293561030985,NA,0.026109301883924
zfALFF_17Networks_RH_DorsAttnB_PostC_4,0.007178888636167,NA,NA,0.045724255434477,NA,0.014855420518547
zfALFF_17Networks_RH_DorsAttnB_PostC_3,0.007178888636167,NA,NA,NA,NA,0.0292415330267
zfALFF_17Networks_RH_DorsAttnB_PostC_2,0.005722793697324,0.04797148140474,NA,0.016999704441033,0.040780364262725,0.008998852573122
zfALFF_17Networks_RH_DorsAttnB_PostC_1,0.007682849559186,NA,NA,NA,NA,0.026109301883924
zfALFF_17Networks_RH_DorsAttnB_TempOcc_1,NA,NA,NA,NA,0.041528184780944,NA
zfALFF_17Networks_RH_DorsAttnA_SPL_7,NA,0.04983523062118,NA,NA,NA,NA
zfALFF_17Networks_RH_DorsAttnA_SPL_6,NA,0.04797148140474,NA,0.048183453695863,NA,0.04620256910693
zfALFF_17Networks_RH_DorsAttnA_SPL_5,NA,0.04797148140474,NA,NA,0.04886359020199,0.044540428762109
zfALFF_17Networks_RH_DorsAttnA_SPL_4,0.04909903218292,0.04797148140474,NA,NA,NA,0.04750728904574
zfALFF_17Networks_RH_DorsAttnA_SPL_3,NA,0.04797148140474,NA,0.047006516716513,NA,NA
zfALFF_17Networks_RH_DorsAttnA_SPL_1,0.029929561754879,0.04797148140474,NA,0.048697032052458,NA,0.035628445120417
zfALFF_17Networks_RH_DorsAttnA_ParOcc_2,0.048707177961764,NA,NA,NA,NA,NA
zfALFF_17Networks_RH_DorsAttnA_ParOcc_1,NA,NA,NA,0.043293561030985,NA,NA
zfALFF_17Networks_RH_DorsAttnA_TempOcc_3,NA,0.048787092967062,NA,0.046627145733428,0.041528184780944,0.049883727026569
zfALFF_17Networks_RH_SomMotB_Cent_3,0.008552959155864,NA,NA,0.048183453695863,NA,0.014855420518547
zfALFF_17Networks_RH_SomMotB_Cent_2,0.006672819559332,NA,0.049179098733603,NA,0.047862474271207,0.014855420518547
zfALFF_17Networks_RH_SomMotB_Cent_1,0.015465245551669,NA,NA,NA,NA,0.044161776882529
zfALFF_17Networks_RH_SomMotB_S2_8,0.024735101292177,NA,NA,NA,NA,NA
zfALFF_17Networks_RH_SomMotB_S2_7,0.045124114568169,NA,NA,NA,NA,NA
zfALFF_17Networks_RH_SomMotB_S2_6,0.00241216739247,NA,NA,NA,NA,0.014855420518547
zfALFF_17Networks_RH_SomMotB_S2_5,0.010703064892678,NA,NA,NA,NA,0.039714234785231
zfALFF_17Networks_RH_SomMotB_S2_4,0.033187493037735,NA,NA,NA,NA,NA
zfALFF_17Networks_RH_SomMotB_S2_3,0.034331509351,NA,NA,NA,NA,NA
zfALFF_17Networks_RH_SomMotB_Aud_3,0.035281667812391,0.04983523062118,NA,NA,NA,NA
zfALFF_17Networks_RH_SomMotB_S2_2,0.03960872394604,NA,NA,NA,NA,NA
zfALFF_17Networks_RH_SomMotB_S2_1,0.00241216739247,NA,NA,NA,NA,0.032136943545218
zfALFF_17Networks_RH_SomMotB_Ins_1,0.029929561754879,NA,NA,NA,NA,NA
zfALFF_17Networks_RH_SomMotA_14,0.035875785426107,NA,0.049179098733603,NA,NA,0.03614147332191
zfALFF_17Networks_RH_SomMotA_12,0.014564836062952,NA,NA,NA,0.041528184780944,0.0292415330267
zfALFF_17Networks_RH_SomMotA_10,0.048635115642327,NA,NA,NA,NA,NA
zfALFF_17Networks_RH_SomMotA_9,0.03014669746383,NA,NA,0.043293561030985,NA,0.039524775840535
zfALFF_17Networks_RH_SomMotA_7,0.03014669746383,NA,NA,0.043293561030985,NA,0.03444788297338
zfALFF_17Networks_RH_SomMotA_6,0.01927571128491,NA,0.049179098733603,0.016999704441033,0.041528184780944,0.015935533065991
zfALFF_17Networks_RH_SomMotA_5,0.048707177961764,NA,NA,NA,NA,NA
zfALFF_17Networks_RH_SomMotA_4,0.014233440272412,NA,NA,0.027936913215818,NA,0.0292415330267
zfALFF_17Networks_RH_SomMotA_3,0.019741835438349,0.04797148140474,NA,NA,0.041318284148356,0.020950240934517
zfALFF_17Networks_RH_SomMotA_2,0.006126253442846,NA,NA,0.047006516716513,NA,0.014855420518547
zfALFF_17Networks_RH_SomMotA_1,0.010239142182882,0.04797148140474,0.049179098733603,0.01092057680292,NA,0.006447047112337
zfALFF_17Networks_RH_VisPeri_ExStrSup_2,NA,0.04797148140474,NA,NA,NA,NA
zfALFF_17Networks_RH_VisPeri_ExStrInf_3,NA,0.04797148140474,NA,NA,NA,NA
zfALFF_17Networks_RH_VisCent_ExStr_10,NA,0.04983523062118,NA,NA,NA,NA
zfALFF_17Networks_RH_VisCent_ExStr_9,NA,NA,NA,0.045724255434477,NA,NA
zfALFF_17Networks_RH_VisCent_ExStr_8,NA,0.04797148140474,NA,NA,NA,NA
zfALFF_17Networks_RH_VisCent_ExStr_3,NA,0.04983523062118,NA,NA,NA,NA
zfALFF_17Networks_LH_TempPar_1,NA,0.04797148140474,NA,0.047006516716513,NA,0.04620256910693
zfALFF_17Networks_LH_DefaultC_PHC_1,0.042459744648087,NA,NA,NA,NA,NA
zfALFF_17Networks_LH_DefaultB_PFCv_2,NA,NA,NA,0.043293561030985,NA,NA
zfALFF_17Networks_LH_DefaultB_PFCv_1,NA,0.04797148140474,NA,NA,NA,0.04447808578329
zfALFF_17Networks_LH_DefaultB_PFCd_6,NA,NA,NA,NA,0.044633292262001,NA
zfALFF_17Networks_LH_DefaultB_PFCd_2,NA,0.049185718715145,NA,NA,NA,NA
zfALFF_17Networks_LH_DefaultB_PFCd_1,0.015864959883771,NA,NA,0.046311119579873,NA,0.026109301883924
zfALFF_17Networks_LH_DefaultB_IPL_1,0.044448010809187,NA,NA,NA,NA,0.04961052048189
zfALFF_17Networks_LH_DefaultB_Temp_5,NA,NA,NA,NA,0.041528184780944,NA
zfALFF_17Networks_LH_DefaultB_Temp_1,0.028508110230768,NA,NA,0.043293561030985,NA,0.036364928127434
zfALFF_17Networks_LH_DefaultA_PFCm_6,0.023749223048323,NA,NA,NA,NA,0.036616609051211
zfALFF_17Networks_LH_DefaultA_PFCm_5,NA,NA,NA,NA,NA,0.044540428762109
zfALFF_17Networks_LH_DefaultA_PFCm_3,0.041203138493178,NA,0.049179098733603,NA,NA,0.034369527745088
zfALFF_17Networks_LH_DefaultA_pCunPCC_7,NA,0.04797148140474,NA,0.034732415217618,NA,0.032872898931033
zfALFF_17Networks_LH_DefaultA_pCunPCC_6,NA,NA,NA,NA,0.047862474271207,NA
zfALFF_17Networks_LH_DefaultA_PFCd_2,NA,NA,NA,NA,0.041528184780944,NA
zfALFF_17Networks_LH_DefaultA_PFCd_1,0.014564836062952,NA,NA,NA,NA,0.033202617925107
zfALFF_17Networks_LH_ContC_pCun_3,NA,0.04983523062118,NA,0.02560752379904,NA,0.03859447712233
zfALFF_17Networks_LH_ContC_pCun_2,NA,0.04797148140474,NA,NA,NA,NA
zfALFF_17Networks_LH_ContB_PFCmp_1,0.024345739320034,NA,NA,0.047006516716513,NA,0.040176966219139
zfALFF_17Networks_LH_ContB_PFClv_3,0.029966338461414,0.04797148140474,0.049179098733603,0.036453782727283,NA,0.014855420518547
zfALFF_17Networks_LH_ContB_PFClv_2,0.030358802440932,NA,0.049179098733603,0.036453782727283,NA,0.014855420518547
zfALFF_17Networks_LH_ContA_PFCl_3,0.037716748562454,0.04797148140474,0.049179098733603,0.048183453695863,NA,0.0292415330267
zfALFF_17Networks_LH_ContA_PFCl_2,NA,NA,0.049179098733603,NA,NA,NA
zfALFF_17Networks_LH_ContA_PFClv_2,NA,NA,0.049179098733603,NA,NA,0.041309255498928
zfALFF_17Networks_LH_ContA_PFCd_1,NA,NA,NA,NA,0.041528184780944,NA
zfALFF_17Networks_LH_ContA_IPS_3,NA,0.04797148140474,NA,NA,NA,0.044213036700092
zfALFF_17Networks_LH_ContA_IPS_1,0.035622321478708,NA,NA,0.045724255434477,NA,0.041519553367147
zfALFF_17Networks_LH_LimbicA_TempPole_7,NA,0.04797148140474,0.049179098733603,0.036453782727283,NA,0.0292415330267
zfALFF_17Networks_LH_LimbicA_TempPole_6,0.007178888636167,0.04797148140474,0.049179098733603,0.01092057680292,0.035375515465177,0.004866913971969
zfALFF_17Networks_LH_LimbicA_TempPole_5,0.030358802440932,0.04797148140474,NA,NA,NA,0.044540428762109
zfALFF_17Networks_LH_LimbicA_TempPole_3,0.046952526094726,NA,NA,NA,NA,NA
zfALFF_17Networks_LH_LimbicA_TempPole_2,0.015864959883771,0.04797148140474,NA,0.048955763266837,NA,0.027869800286828
zfALFF_17Networks_LH_LimbicA_TempPole_1,0.027339154916707,0.04797148140474,NA,NA,NA,0.035628445120417
zfALFF_17Networks_LH_LimbicB_OFC_4,NA,0.04797148140474,NA,NA,NA,NA
zfALFF_17Networks_LH_SalVentAttnB_PFCmp_1,0.023713814552574,NA,NA,0.043293561030985,NA,0.041177301859391
zfALFF_17Networks_LH_SalVentAttnB_PFCl_3,NA,NA,0.049179098733603,NA,NA,NA
zfALFF_17Networks_LH_SalVentAttnB_PFCl_2,NA,0.04797148140474,NA,0.045724255434477,NA,0.032136943545218
zfALFF_17Networks_LH_SalVentAttnB_PFCl_1,0.028508110230768,NA,0.049179098733603,NA,NA,0.041309255498928
zfALFF_17Networks_LH_SalVentAttnA_FrMed_2,0.01067433583144,NA,NA,0.043293561030985,NA,0.021335797044423
zfALFF_17Networks_LH_SalVentAttnA_ParMed_3,NA,0.04983523062118,NA,NA,NA,NA
zfALFF_17Networks_LH_SalVentAttnA_Ins_1,0.00364968431614,NA,0.049179098733603,0.016999704441033,NA,0.005066165310053
zfALFF_17Networks_LH_DorsAttnB_PostC_8,NA,0.04797148140474,NA,NA,NA,NA
zfALFF_17Networks_LH_DorsAttnB_PostC_7,NA,NA,NA,0.046311119579873,NA,NA
zfALFF_17Networks_LH_DorsAttnB_PostC_5,0.040231940452823,0.04797148140474,0.049179098733603,0.039009324491974,0.044912706058241,0.014855420518547
zfALFF_17Networks_LH_DorsAttnB_PostC_4,NA,NA,NA,0.043293561030985,NA,NA
zfALFF_17Networks_LH_DorsAttnB_PostC_2,0.023518087658853,0.04797148140474,NA,0.036453782727283,NA,0.031381608240155
zfALFF_17Networks_LH_DorsAttnB_PostC_1,NA,0.048787092967062,NA,NA,NA,NA
zfALFF_17Networks_LH_DorsAttnA_SPL_7,NA,0.04797148140474,NA,NA,NA,NA
zfALFF_17Networks_LH_DorsAttnA_SPL_6,NA,NA,NA,0.046311119579873,0.047862474271207,NA
zfALFF_17Networks_LH_DorsAttnA_SPL_5,NA,0.04797148140474,NA,NA,NA,NA
zfALFF_17Networks_LH_DorsAttnA_SPL_3,0.036450365417829,0.045570366832905,NA,0.036453782727283,0.047862474271207,0.020950240934517
zfALFF_17Networks_LH_DorsAttnA_SPL_1,NA,NA,NA,0.04632951454136,NA,NA
zfALFF_17Networks_LH_DorsAttnA_ParOcc_2,NA,NA,NA,0.043293561030985,NA,NA
zfALFF_17Networks_LH_SomMotB_Cent_3,0.024345739320034,0.04797148140474,0.049179098733603,NA,NA,0.014855420518547
zfALFF_17Networks_LH_SomMotB_Cent_2,NA,0.048218881537952,0.049179098733603,NA,NA,NA
zfALFF_17Networks_LH_SomMotB_Cent_1,NA,NA,0.049179098733603,NA,NA,NA
zfALFF_17Networks_LH_SomMotB_S2_5,NA,NA,0.049179098733603,NA,NA,NA
zfALFF_17Networks_LH_SomMotB_Aud_4,0.035281667812391,NA,NA,NA,NA,0.04750728904574
zfALFF_17Networks_LH_SomMotB_Aud_3,0.030358802440932,NA,NA,NA,NA,0.04447808578329
zfALFF_17Networks_LH_SomMotB_S2_2,0.048707177961764,0.04797148140474,0.049179098733603,0.043293561030985,NA,0.0292415330267
zfALFF_17Networks_LH_SomMotB_Ins_1,0.044932991479174,NA,NA,NA,NA,NA
zfALFF_17Networks_LH_SomMotB_Aud_2,NA,NA,NA,0.047006516716513,NA,NA
zfALFF_17Networks_LH_SomMotB_Aud_1,0.007178888636167,NA,NA,0.016999704441033,NA,0.016676536868844
zfALFF_17Networks_LH_SomMotA_14,NA,NA,0.049179098733603,NA,NA,NA
zfALFF_17Networks_LH_SomMotA_1,NA,0.04797148140474,NA,NA,0.044912706058241,0.041200082241088
zfALFF_17Networks_LH_VisCent_Striate_1,NA,NA,0.049179098733603,NA,NA,0.04447808578329
zALFF_17Networks_RH_TempPar_7,0.046056698863517,NA,NA,NA,NA,NA
zALFF_17Networks_RH_TempPar_6,0.04757174490563,NA,NA,NA,NA,NA
zALFF_17Networks_RH_TempPar_5,0.013410007437357,NA,NA,NA,NA,0.029898253386518
zALFF_17Networks_RH_TempPar_4,0.005720518284509,NA,NA,NA,NA,0.017539806641627
zALFF_17Networks_RH_TempPar_3,0.0331215921649,NA,NA,NA,NA,NA
zALFF_17Networks_RH_TempPar_2,0.048707177961764,NA,NA,NA,NA,NA
zALFF_17Networks_RH_DefaultC_PHC_2,NA,NA,NA,0.046627145733428,NA,NA
zALFF_17Networks_RH_DefaultC_IPL_1,0.010868744651051,NA,NA,0.043293561030985,NA,0.027869800286828
zALFF_17Networks_RH_DefaultB_PFCv_3,0.041158862453218,NA,NA,NA,NA,NA
zALFF_17Networks_RH_DefaultB_PFCd_4,0.048707177961764,NA,NA,NA,NA,NA
zALFF_17Networks_RH_DefaultB_PFCd_2,0.014604266540864,NA,NA,0.047006516716513,NA,0.0292415330267
zALFF_17Networks_RH_DefaultB_PFCd_1,NA,NA,NA,0.047006516716513,NA,NA
zALFF_17Networks_RH_DefaultB_Temp_2,0.017665325921216,NA,NA,NA,NA,0.035628445120417
zALFF_17Networks_RH_DefaultB_Temp_1,0.018486752423658,NA,NA,NA,NA,NA
zALFF_17Networks_RH_DefaultA_PFCm_6,NA,0.04797148140474,NA,0.045724255434477,NA,0.035628445120417
zALFF_17Networks_RH_DefaultA_pCunPCC_2,0.048707177961764,NA,NA,NA,NA,NA
zALFF_17Networks_RH_DefaultA_PFCd_1,NA,NA,NA,0.020665192182982,NA,0.04447808578329
zALFF_17Networks_RH_ContC_Cingp_2,NA,NA,NA,0.043293561030985,NA,NA
zALFF_17Networks_RH_ContC_pCun_3,0.028244266318313,NA,NA,0.047006516716513,NA,NA
zALFF_17Networks_RH_ContB_PFCmp_1,NA,NA,NA,0.047006516716513,NA,NA
zALFF_17Networks_RH_ContB_PFClv_3,NA,NA,NA,0.020665192182982,NA,0.04750728904574
zALFF_17Networks_RH_ContB_PFCld_2,NA,NA,NA,0.046328610346943,NA,NA
zALFF_17Networks_RH_ContB_IPL_4,NA,NA,0.049179098733603,NA,NA,NA
zALFF_17Networks_RH_ContB_IPL_1,NA,0.04797148140474,NA,NA,NA,NA
zALFF_17Networks_RH_ContB_Temp_2,NA,NA,NA,0.047006516716513,NA,NA
zALFF_17Networks_RH_ContA_Cingm_1,NA,NA,NA,NA,0.044912706058241,NA
zALFF_17Networks_RH_ContA_PFCl_5,0.014233440272412,NA,0.049179098733603,NA,NA,0.032872898931033
zALFF_17Networks_RH_ContA_PFCl_4,0.01067433583144,NA,NA,NA,NA,0.0292415330267
zALFF_17Networks_RH_ContA_PFCl_2,NA,NA,NA,0.039652970560335,NA,NA
zALFF_17Networks_RH_LimbicA_TempPole_6,NA,NA,0.049179098733603,NA,NA,NA
zALFF_17Networks_RH_SalVentAttnB_PFCmp_2,NA,NA,NA,0.043293561030985,NA,NA
zALFF_17Networks_RH_SalVentAttnA_FrOper_2,0.048707177961764,NA,NA,NA,NA,NA
zALFF_17Networks_RH_SalVentAttnA_Ins_4,0.026290547316107,NA,NA,NA,NA,NA
zALFF_17Networks_RH_SalVentAttnA_Ins_2,0.014511638718519,NA,NA,NA,NA,0.036616609051211
zALFF_17Networks_RH_SalVentAttnA_PrC_1,0.029929561754879,NA,0.049179098733603,NA,NA,0.046281878094052
zALFF_17Networks_RH_SalVentAttnA_ParOper_2,0.014233440272412,NA,NA,NA,NA,0.033089177551158
zALFF_17Networks_RH_SalVentAttnA_ParOper_1,0.01449884910896,NA,NA,NA,NA,NA
zALFF_17Networks_RH_DorsAttnB_FEF_2,NA,NA,NA,0.036453782727283,NA,NA
zALFF_17Networks_RH_DorsAttnB_PostC_6,0.04909903218292,NA,NA,NA,NA,NA
zALFF_17Networks_RH_DorsAttnB_PostC_3,0.048707177961764,NA,NA,NA,NA,NA
zALFF_17Networks_RH_DorsAttnB_PostC_2,0.008439495818958,0.048845873350123,0.049179098733603,0.036453782727283,0.028404608994718,0.008998852573122
zALFF_17Networks_RH_DorsAttnA_SPL_4,NA,0.04797148140474,NA,NA,NA,NA
zALFF_17Networks_RH_DorsAttnA_ParOcc_2,0.024831920987231,NA,NA,NA,NA,0.04144493740527
zALFF_17Networks_RH_DorsAttnA_ParOcc_1,0.040018663363571,NA,NA,0.036543863346088,NA,0.043086750990909
zALFF_17Networks_RH_DorsAttnA_TempOcc_1,0.007178888636167,NA,NA,0.034732415217618,NA,0.028399348147713
zALFF_17Networks_RH_SomMotB_Cent_3,0.028508110230768,NA,NA,NA,NA,0.04447808578329
zALFF_17Networks_RH_SomMotB_Cent_2,0.017829233099212,NA,NA,NA,NA,0.035628445120417
zALFF_17Networks_RH_SomMotB_Cent_1,0.029929561754879,NA,NA,NA,NA,NA
zALFF_17Networks_RH_SomMotB_S2_6,0.010475584100582,NA,NA,NA,NA,0.041177301859391
zALFF_17Networks_RH_SomMotB_S2_5,0.044448010809187,NA,NA,NA,NA,NA
zALFF_17Networks_RH_SomMotB_Aud_3,0.014233440272412,NA,NA,NA,NA,NA
zALFF_17Networks_RH_SomMotB_S2_1,0.015838976951466,NA,NA,NA,NA,NA
zALFF_17Networks_RH_SomMotB_Ins_1,0.010475584100582,NA,NA,NA,NA,0.029961124159482
zALFF_17Networks_RH_SomMotB_Aud_2,0.041322339406613,NA,NA,NA,NA,NA
zALFF_17Networks_RH_SomMotB_Aud_1,0.030932698048684,NA,NA,NA,NA,NA
zALFF_17Networks_RH_SomMotA_20,NA,NA,0.049179098733603,NA,NA,NA
zALFF_17Networks_RH_SomMotA_16,0.048707177961764,NA,NA,NA,NA,NA
zALFF_17Networks_RH_SomMotA_14,0.010239142182882,NA,0.049179098733603,NA,NA,0.014855420518547
zALFF_17Networks_RH_SomMotA_9,0.040231940452823,NA,NA,NA,NA,NA
zALFF_17Networks_RH_SomMotA_2,0.030358802440932,NA,NA,NA,NA,NA
zALFF_17Networks_RH_VisPeri_ExStrInf_4,NA,NA,NA,0.046633253568157,NA,NA
zALFF_17Networks_RH_VisPeri_ExStrInf_3,NA,0.048787092967062,NA,0.036453782727283,NA,0.042248086809483
zALFF_17Networks_RH_VisPeri_ExStrInf_2,0.048635115642327,NA,NA,0.045724255434477,NA,NA
zALFF_17Networks_RH_VisPeri_ExStrInf_1,0.029090427876464,NA,NA,0.039183507034882,NA,0.041309255498928
zALFF_17Networks_RH_VisCent_ExStr_9,NA,NA,NA,0.049727177340942,NA,NA
zALFF_17Networks_RH_VisCent_ExStr_8,NA,0.04797148140474,NA,NA,NA,NA
zALFF_17Networks_RH_VisCent_ExStr_7,NA,0.04797148140474,NA,NA,NA,NA
zALFF_17Networks_RH_VisCent_ExStr_1,0.015465245551669,NA,NA,0.036453782727283,NA,0.031062253658896
zALFF_17Networks_LH_TempPar_1,NA,NA,NA,NA,0.044912706058241,NA
zALFF_17Networks_LH_DefaultC_PHC_3,NA,NA,NA,0.043293561030985,NA,NA
zALFF_17Networks_LH_DefaultC_PHC_2,NA,NA,NA,0.047006516716513,NA,NA
zALFF_17Networks_LH_DefaultC_PHC_1,NA,NA,NA,0.027936913215818,NA,0.043235049428021
zALFF_17Networks_LH_DefaultC_Rsp_2,NA,0.04797148140474,NA,0.022835338616919,NA,0.027869800286828
zALFF_17Networks_LH_DefaultC_Rsp_1,NA,NA,NA,0.043293561030985,NA,0.04750728904574
zALFF_17Networks_LH_DefaultB_PFCv_4,0.030358802440932,NA,NA,NA,NA,NA
zALFF_17Networks_LH_DefaultB_PFCv_2,NA,NA,NA,0.036453782727283,NA,0.035628445120417
zALFF_17Networks_LH_DefaultB_PFCd_6,NA,NA,NA,NA,0.047509524583212,NA
zALFF_17Networks_LH_DefaultB_PFCd_4,0.045108921403333,NA,NA,NA,NA,NA
zALFF_17Networks_LH_DefaultB_PFCd_3,0.048908673805351,NA,NA,NA,NA,NA
zALFF_17Networks_LH_DefaultB_Temp_4,NA,NA,NA,NA,0.041528184780944,NA
zALFF_17Networks_LH_DefaultB_Temp_1,NA,0.04797148140474,NA,NA,NA,NA
zALFF_17Networks_LH_DefaultA_pCunPCC_7,NA,NA,NA,0.04632951454136,NA,0.036364928127434
zALFF_17Networks_LH_DefaultA_pCunPCC_6,NA,NA,0.049179098733603,NA,0.04886359020199,NA
zALFF_17Networks_LH_DefaultA_pCunPCC_1,NA,NA,0.049179098733603,NA,NA,NA
zALFF_17Networks_LH_ContC_Cingp_2,0.048908673805351,NA,NA,NA,NA,NA
zALFF_17Networks_LH_ContC_pCun_3,0.048635115642327,NA,NA,0.043293561030985,NA,0.035628445120417
zALFF_17Networks_LH_ContC_pCun_2,NA,0.04797148140474,NA,NA,NA,NA
zALFF_17Networks_LH_ContB_PFClv_1,NA,NA,NA,0.045724255434477,NA,NA
zALFF_17Networks_LH_ContB_IPL_3,NA,NA,0.049179098733603,NA,NA,NA
zALFF_17Networks_LH_ContA_PFCl_2,NA,NA,NA,0.036453782727283,NA,NA
zALFF_17Networks_LH_ContA_PFClv_1,NA,NA,NA,0.043293561030985,NA,0.04777208771704
zALFF_17Networks_LH_ContA_IPS_5,0.048854363747499,NA,NA,NA,NA,NA
zALFF_17Networks_LH_ContA_IPS_4,0.048707177961764,NA,NA,0.036453782727283,NA,0.036616609051211
zALFF_17Networks_LH_LimbicA_TempPole_7,0.048707177961764,NA,NA,NA,NA,NA
zALFF_17Networks_LH_LimbicA_TempPole_5,NA,0.04797148140474,NA,NA,NA,NA
zALFF_17Networks_LH_LimbicA_TempPole_2,NA,0.04797148140474,NA,NA,NA,NA
zALFF_17Networks_LH_LimbicA_TempPole_1,NA,0.04797148140474,NA,NA,NA,NA
zALFF_17Networks_LH_LimbicB_OFC_5,NA,NA,NA,0.046311119579873,NA,NA
zALFF_17Networks_LH_SalVentAttnB_OFC_1,NA,NA,NA,0.046253006842099,NA,NA
zALFF_17Networks_LH_SalVentAttnB_PFCl_2,NA,NA,NA,0.046422601991831,NA,NA
zALFF_17Networks_LH_SalVentAttnA_Ins_2,0.034944424209428,NA,0.049179098733603,0.046627145733428,NA,0.021335797044423
zALFF_17Networks_LH_DorsAttnB_PrCv_1,NA,NA,NA,0.043293561030985,NA,NA
zALFF_17Networks_LH_DorsAttnB_FEF_2,0.048854363747499,NA,NA,0.016999704441033,NA,NA
zALFF_17Networks_LH_DorsAttnB_FEF_1,0.02872848514665,NA,NA,0.02560752379904,NA,0.04447808578329
zALFF_17Networks_LH_DorsAttnB_PostC_6,0.030358802440932,NA,NA,NA,NA,NA
zALFF_17Networks_LH_DorsAttnB_PostC_4,0.035281667812391,NA,NA,NA,NA,NA
zALFF_17Networks_LH_DorsAttnA_SPL_1,0.038744994339704,NA,NA,NA,NA,NA
zALFF_17Networks_LH_DorsAttnA_TempOcc_4,NA,NA,NA,0.045724255434477,NA,NA
zALFF_17Networks_LH_SomMotB_Cent_3,NA,NA,0.049179098733603,0.047006516716513,NA,NA
zALFF_17Networks_LH_SomMotB_Cent_2,0.014233440272412,NA,NA,0.036453782727283,NA,NA
zALFF_17Networks_LH_SomMotB_Cent_1,0.015864959883771,NA,NA,NA,NA,NA
zALFF_17Networks_LH_SomMotB_S2_4,0.028364375431148,NA,NA,NA,NA,NA
zALFF_17Networks_LH_SomMotB_S2_3,NA,NA,0.049179098733603,NA,NA,NA
zALFF_17Networks_LH_SomMotA_18,NA,NA,NA,0.047006516716513,NA,NA
zALFF_17Networks_LH_SomMotA_17,0.026202266369916,NA,NA,NA,NA,NA
zALFF_17Networks_LH_SomMotA_12,0.027339154916707,NA,NA,0.049830551417831,NA,0.043261529597611
zALFF_17Networks_LH_SomMotA_10,NA,NA,NA,0.048507068503432,NA,NA
zALFF_17Networks_LH_SomMotA_9,0.014233440272412,NA,NA,0.02560752379904,NA,0.027019146854604
zALFF_17Networks_LH_SomMotA_8,0.030358802440932,NA,NA,0.036453782727283,NA,0.034369527745088
zALFF_17Networks_LH_SomMotA_7,0.044448010809187,NA,NA,NA,NA,NA
zALFF_17Networks_LH_SomMotA_4,NA,NA,NA,0.048697032052458,NA,NA
zALFF_17Networks_LH_SomMotA_3,0.026202266369916,NA,NA,0.046311119579873,NA,NA
zALFF_17Networks_LH_SomMotA_2,0.038656010010916,NA,NA,0.027387585091939,NA,NA
zALFF_17Networks_LH_SomMotA_1,0.024345739320034,NA,NA,0.047905412153911,NA,0.03859447712233
zALFF_17Networks_LH_VisPeri_StriCal_1,NA,0.049185718715145,NA,NA,NA,NA
zALFF_17Networks_LH_VisPeri_ExStrInf_3,NA,NA,NA,0.048697032052458,NA,NA
zALFF_17Networks_LH_VisCent_ExStr_9,0.049393518081599,NA,NA,NA,NA,NA
zALFF_17Networks_LH_VisCent_Striate_1,NA,NA,NA,0.045724255434477,NA,NA
zALFF_17Networks_LH_VisCent_ExStr_1,NA,NA,NA,0.046627145733428,NA,NA
zDCwei_17Networks_RH_TempPar_8,NA,NA,NA,NA,0.046118508682166,NA
zDCwei_17Networks_RH_TempPar_5,NA,NA,0.049179098733603,NA,NA,0.049220481923373
zDCwei_17Networks_RH_TempPar_4,0.017237477519997,NA,0.049179098733603,0.043293561030985,NA,0.015935533065991
zDCwei_17Networks_RH_DefaultC_PHC_2,NA,NA,NA,0.036453782727283,NA,NA
zDCwei_17Networks_RH_DefaultC_PHC_1,NA,NA,NA,0.04840598509041,NA,NA
zDCwei_17Networks_RH_DefaultB_PFCv_2,NA,NA,NA,NA,0.046118508682166,NA
zDCwei_17Networks_RH_DefaultB_AntTemp_1,NA,NA,NA,NA,0.047862474271207,NA
zDCwei_17Networks_RH_DefaultA_PFCm_1,NA,NA,0.049179098733603,0.049727177340942,0.041528184780944,NA
zDCwei_17Networks_RH_ContB_PFClv_4,NA,NA,NA,NA,0.048911445428911,NA
zDCwei_17Networks_RH_ContB_PFClv_1,NA,NA,NA,NA,0.041528184780944,NA
zDCwei_17Networks_RH_ContA_PFCl_5,0.01752400297832,NA,NA,NA,NA,0.03444788297338
zDCwei_17Networks_RH_ContA_PFCl_4,0.036901446745152,NA,NA,NA,NA,NA
zDCwei_17Networks_RH_SalVentAttnB_PFCl_2,0.043626187260898,NA,NA,NA,NA,NA
zDCwei_17Networks_RH_SalVentAttnB_PFClv_1,0.046410535140261,NA,NA,NA,NA,NA
zDCwei_17Networks_RH_SalVentAttnA_FrMed_4,NA,NA,0.049179098733603,NA,NA,0.041309255498928
zDCwei_17Networks_RH_SalVentAttnA_ParMed_4,0.041579685322517,NA,NA,NA,NA,0.044540428762109
zDCwei_17Networks_RH_SalVentAttnA_ParMed_2,0.028244266318313,NA,NA,0.043293561030985,0.046118508682166,0.0292415330267
zDCwei_17Networks_RH_SalVentAttnA_ParMed_1,NA,NA,NA,0.043293561030985,NA,NA
zDCwei_17Networks_RH_SalVentAttnA_FrMed_1,0.042033018633521,NA,0.049179098733603,NA,NA,0.041309255498928
zDCwei_17Networks_RH_SalVentAttnA_ParOper_1,0.008439495818958,NA,NA,0.01092057680292,NA,0.014855420518547
zDCwei_17Networks_RH_DorsAttnB_FEF_3,0.03020921907371,NA,NA,NA,NA,NA
zDCwei_17Networks_RH_DorsAttnB_FEF_1,0.048707177961764,NA,NA,NA,NA,NA
zDCwei_17Networks_RH_DorsAttnB_PostC_8,0.032785140413764,NA,NA,NA,NA,0.039753490952307
zDCwei_17Networks_RH_DorsAttnB_PostC_5,0.028364375431148,NA,NA,NA,NA,NA
zDCwei_17Networks_RH_DorsAttnA_SPL_8,NA,0.04983523062118,NA,NA,NA,NA
zDCwei_17Networks_RH_DorsAttnA_SPL_6,NA,0.049959247299893,NA,NA,NA,NA
zDCwei_17Networks_RH_DorsAttnA_TempOcc_1,0.02099913662271,NA,NA,0.043293561030985,NA,0.032136943545218
zDCwei_17Networks_RH_SomMotB_Cent_1,0.028892352537024,NA,NA,NA,NA,NA
zDCwei_17Networks_RH_SomMotB_S2_6,0.043626187260898,NA,NA,NA,NA,0.043235049428021
zDCwei_17Networks_RH_SomMotB_S2_3,0.030358802440932,NA,0.049179098733603,NA,NA,0.041309255498928
zDCwei_17Networks_RH_SomMotB_S2_2,0.021923137740338,NA,NA,NA,NA,NA
zDCwei_17Networks_RH_SomMotB_S2_1,0.014564836062952,NA,NA,NA,NA,NA
zDCwei_17Networks_RH_SomMotA_9,0.042655119264725,NA,NA,NA,NA,NA
zDCwei_17Networks_RH_SomMotA_7,0.030358802440932,NA,NA,NA,NA,0.048666690964411
zDCwei_17Networks_RH_SomMotA_6,0.048707177961764,NA,0.049179098733603,NA,NA,0.036570342780866
zDCwei_17Networks_RH_VisCent_ExStr_4,0.048635115642327,NA,NA,NA,NA,NA
zDCwei_17Networks_LH_TempPar_6,NA,NA,0.049179098733603,NA,NA,NA
zDCwei_17Networks_LH_TempPar_5,NA,NA,NA,NA,0.035375515465177,NA
zDCwei_17Networks_LH_TempPar_3,NA,NA,NA,NA,0.035375515465177,NA
zDCwei_17Networks_LH_TempPar_2,NA,NA,NA,NA,0.038412180324325,NA
zDCwei_17Networks_LH_DefaultC_PHC_3,NA,NA,0.049179098733603,0.043293561030985,0.042723327435725,0.041309255498928
zDCwei_17Networks_LH_DefaultB_PFCd_6,NA,NA,0.049179098733603,NA,NA,NA
zDCwei_17Networks_LH_DefaultB_Temp_5,NA,NA,NA,0.048248988288274,0.038405405778966,0.049053735370639
zDCwei_17Networks_LH_DefaultA_pCunPCC_6,NA,NA,NA,NA,0.047862474271207,NA
zDCwei_17Networks_LH_DefaultA_pCunPCC_1,NA,0.04797148140474,NA,NA,NA,NA
zDCwei_17Networks_LH_ContC_Cingp_1,0.048908673805351,NA,NA,NA,NA,NA
zDCwei_17Networks_LH_ContB_PFCd_1,NA,NA,NA,NA,0.044912706058241,NA
zDCwei_17Networks_LH_ContB_Temp_2,0.03960872394604,NA,NA,0.043293561030985,0.041528184780944,0.041309255498928
zDCwei_17Networks_LH_ContB_Temp_1,NA,NA,NA,NA,0.04886359020199,NA
zDCwei_17Networks_LH_ContA_PFCl_1,NA,NA,NA,NA,0.044912706058241,NA
zDCwei_17Networks_LH_ContA_PFCd_1,0.048181247433385,NA,0.049179098733603,NA,0.047509524583212,NA
zDCwei_17Networks_LH_LimbicA_TempPole_4,NA,NA,NA,0.045724255434477,NA,NA
zDCwei_17Networks_LH_SalVentAttnB_PFCmp_1,0.048698122387618,NA,NA,NA,NA,NA
zDCwei_17Networks_LH_SalVentAttnA_FrMed_2,0.048731299514135,0.04797148140474,NA,NA,0.028404608994718,0.043938835791019
zDCwei_17Networks_LH_SalVentAttnA_FrMed_1,0.019741835438349,0.04797148140474,NA,NA,0.028404608994718,0.026109301883924
zDCwei_17Networks_LH_SalVentAttnA_ParMed_1,NA,NA,NA,NA,0.035375515465177,0.041309255498928
zDCwei_17Networks_LH_SalVentAttnA_FrOper_2,NA,NA,NA,NA,0.04886359020199,NA
zDCwei_17Networks_LH_SalVentAttnA_Ins_1,NA,NA,NA,0.045724255434477,NA,NA
zDCwei_17Networks_LH_SalVentAttnA_ParOper_1,0.029132420097056,NA,NA,NA,NA,0.048666690964411
zDCwei_17Networks_LH_DorsAttnB_PostC_4,NA,NA,0.049179098733603,NA,NA,NA
zDCwei_17Networks_LH_DorsAttnB_PostC_2,NA,NA,NA,NA,0.035375515465177,NA
zDCwei_17Networks_LH_DorsAttnB_PostC_1,0.043378080487068,NA,NA,0.048183453695863,0.04886359020199,0.035628445120417
zDCwei_17Networks_LH_DorsAttnA_ParOcc_1,NA,NA,NA,NA,0.038405405778966,NA
zDCwei_17Networks_LH_DorsAttnA_TempOcc_4,NA,NA,NA,NA,0.045109255399483,NA
zDCwei_17Networks_LH_DorsAttnA_TempOcc_3,NA,NA,NA,NA,0.04701425548453,NA
zDCwei_17Networks_LH_DorsAttnA_TempOcc_2,NA,NA,NA,0.043293561030985,NA,0.045537330800247
zDCwei_17Networks_LH_DorsAttnA_TempOcc_1,NA,NA,NA,0.048183453695863,NA,NA
zDCwei_17Networks_LH_SomMotB_S2_4,NA,0.04797148140474,NA,NA,0.046118508682166,NA
zDCwei_17Networks_LH_SomMotB_S2_3,NA,NA,NA,NA,0.04886359020199,NA
zDCwei_17Networks_LH_SomMotB_Aud_3,NA,NA,NA,0.046253006842099,0.035375515465177,NA
zDCwei_17Networks_LH_SomMotB_Aud_2,NA,NA,NA,NA,0.042370283770385,NA
zDCwei_17Networks_LH_SomMotB_Aud_1,NA,NA,NA,NA,0.041528184780944,NA
zDCwei_17Networks_LH_SomMotA_19,NA,NA,0.049179098733603,NA,NA,NA
zDCwei_17Networks_LH_SomMotA_15,NA,NA,0.049179098733603,NA,NA,NA
zDCwei_17Networks_LH_SomMotA_8,NA,NA,NA,NA,0.046118508682166,NA
zDCwei_17Networks_LH_VisPeri_ExStrInf_3,NA,NA,NA,NA,0.035375515465177,NA
zDCwei_lPFtha_R,NA,NA,0.049179098733603,NA,NA,NA
zDCwei_lPFtha_L,0.028613691000762,NA,NA,NA,NA,0.035961099656752
zDCwei_cTtha_L,NA,NA,0.049179098733603,NA,NA,NA
zDCwei_Otha_R,NA,NA,0.049179098733603,NA,NA,NA
zDCwei_mPMtha_L,0.024962800043355,NA,0.049179098733603,NA,NA,0.03444788297338
zDCwei_dlPu_L,0.033528336988779,NA,NA,0.04840598509041,NA,0.041309255498928
zDCwei_mAmyg_R,0.048635115642327,NA,NA,NA,NA,NA
zDCbin_17Networks_RH_TempPar_9,NA,NA,NA,0.046627145733428,NA,0.049053735370639
zDCbin_17Networks_RH_TempPar_8,NA,NA,NA,NA,0.047862474271207,NA
zDCbin_17Networks_RH_TempPar_5,NA,NA,0.049179098733603,NA,NA,0.04750728904574
zDCbin_17Networks_RH_TempPar_4,0.014233440272412,NA,0.049179098733603,0.040435467831642,0.046118508682166,0.014855420518547
zDCbin_17Networks_RH_DefaultC_PHC_2,NA,NA,NA,0.036453782727283,NA,NA
zDCbin_17Networks_RH_DefaultC_PHC_1,NA,NA,NA,0.045724255434477,NA,NA
zDCbin_17Networks_RH_DefaultA_PFCm_3,NA,NA,NA,0.048183453695863,NA,NA
zDCbin_17Networks_RH_DefaultA_PFCm_1,NA,NA,0.049179098733603,NA,0.042370283770385,NA
zDCbin_17Networks_RH_ContC_Cingp_2,NA,NA,0.049179098733603,0.048183453695863,NA,0.043943963729318
zDCbin_17Networks_RH_ContB_PFClv_1,NA,NA,NA,NA,0.047601704189196,NA
zDCbin_17Networks_RH_ContA_PFCl_5,0.014564836062952,NA,NA,NA,NA,0.033089177551158
zDCbin_17Networks_RH_ContA_PFCl_4,0.032276689891745,NA,NA,NA,NA,NA
zDCbin_17Networks_RH_ContA_IPS_3,0.040996408167613,NA,NA,NA,NA,NA
zDCbin_17Networks_RH_SalVentAttnB_PFCl_2,0.035281667812391,NA,NA,NA,NA,NA
zDCbin_17Networks_RH_SalVentAttnB_PFClv_1,0.032276689891745,NA,NA,NA,NA,NA
zDCbin_17Networks_RH_SalVentAttnA_FrMed_4,NA,NA,NA,NA,NA,0.046099988430321
zDCbin_17Networks_RH_SalVentAttnA_ParMed_4,0.048635115642327,NA,NA,NA,NA,0.04750728904574
zDCbin_17Networks_RH_SalVentAttnA_ParMed_2,0.033605547463209,NA,NA,0.043293561030985,0.046118508682166,0.035035334903833
zDCbin_17Networks_RH_SalVentAttnA_ParMed_1,NA,NA,NA,0.043293561030985,NA,NA
zDCbin_17Networks_RH_SalVentAttnA_FrMed_1,NA,NA,0.049179098733603,NA,NA,0.048666690964411
zDCbin_17Networks_RH_SalVentAttnA_ParOper_1,0.007178888636167,NA,NA,0.01092057680292,NA,0.014855420518547
zDCbin_17Networks_RH_DorsAttnB_FEF_3,0.028471716434776,NA,NA,NA,NA,NA
zDCbin_17Networks_RH_DorsAttnB_FEF_1,0.038744994339704,NA,NA,0.045724255434477,NA,0.04276510218173
zDCbin_17Networks_RH_DorsAttnB_PostC_8,0.03974501423636,NA,NA,NA,NA,0.04447808578329
zDCbin_17Networks_RH_DorsAttnB_PostC_5,0.021920125886754,NA,NA,NA,0.047862474271207,NA
zDCbin_17Networks_RH_DorsAttnB_PostC_1,0.048707177961764,NA,NA,NA,NA,NA
zDCbin_17Networks_RH_DorsAttnA_ParOcc_2,0.048707177961764,NA,NA,0.046627145733428,NA,NA
zDCbin_17Networks_RH_DorsAttnA_TempOcc_1,0.014564836062952,NA,NA,0.043293561030985,NA,0.0292415330267
zDCbin_17Networks_RH_SomMotB_Cent_1,0.037655970143253,NA,NA,NA,NA,NA
zDCbin_17Networks_RH_SomMotB_S2_7,0.035281667812391,NA,NA,NA,NA,NA
zDCbin_17Networks_RH_SomMotB_S2_6,0.030358802440932,NA,NA,NA,NA,0.035628445120417
zDCbin_17Networks_RH_SomMotB_S2_4,0.04163548949506,NA,NA,NA,NA,NA
zDCbin_17Networks_RH_SomMotB_S2_3,0.024345739320034,NA,0.049179098733603,NA,NA,0.03444788297338
zDCbin_17Networks_RH_SomMotB_S2_2,0.017829233099212,NA,NA,NA,NA,NA
zDCbin_17Networks_RH_SomMotB_S2_1,0.024345739320034,NA,NA,NA,NA,NA
zDCbin_17Networks_RH_SomMotA_9,0.035281667812391,NA,NA,NA,NA,NA
zDCbin_17Networks_RH_SomMotA_7,0.035281667812391,NA,NA,NA,NA,NA
zDCbin_17Networks_RH_SomMotA_6,0.046952526094726,NA,0.049179098733603,NA,NA,0.036425058638176
zDCbin_17Networks_RH_SomMotA_1,NA,NA,NA,NA,0.047228365949721,NA
zDCbin_17Networks_LH_TempPar_6,NA,NA,0.049179098733603,NA,NA,NA
zDCbin_17Networks_LH_TempPar_5,NA,NA,NA,NA,0.035375515465177,NA
zDCbin_17Networks_LH_TempPar_3,NA,NA,NA,NA,0.035375515465177,NA
zDCbin_17Networks_LH_TempPar_2,NA,NA,NA,NA,0.035375515465177,NA
zDCbin_17Networks_LH_DefaultC_PHC_3,NA,NA,0.049179098733603,0.043293561030985,0.044912706058241,0.04447808578329
zDCbin_17Networks_LH_DefaultB_Temp_5,NA,NA,NA,NA,0.035375515465177,NA
zDCbin_17Networks_LH_DefaultA_pCunPCC_7,NA,NA,NA,0.047006516716513,NA,NA
zDCbin_17Networks_LH_DefaultA_pCunPCC_1,NA,0.048218881537952,NA,NA,NA,NA
zDCbin_17Networks_LH_ContC_Cingp_2,NA,NA,NA,0.046627145733428,NA,NA
zDCbin_17Networks_LH_ContC_Cingp_1,0.042033018633521,NA,NA,NA,NA,0.048666690964411
zDCbin_17Networks_LH_ContB_PFCd_1,NA,NA,NA,NA,0.046118508682166,NA
zDCbin_17Networks_LH_ContB_Temp_2,NA,NA,NA,NA,0.047601704189196,NA
zDCbin_17Networks_LH_ContA_PFCl_1,NA,NA,NA,NA,0.041318284148356,NA
zDCbin_17Networks_LH_ContA_PFClv_1,0.046952526094726,NA,NA,NA,NA,NA
zDCbin_17Networks_LH_ContA_PFCd_1,NA,NA,0.049179098733603,NA,0.041528184780944,NA
zDCbin_17Networks_LH_LimbicA_TempPole_4,NA,NA,NA,0.047006516716513,NA,NA
zDCbin_17Networks_LH_SalVentAttnB_PFCmp_1,0.041923420074786,NA,NA,NA,NA,NA
zDCbin_17Networks_LH_SalVentAttnB_Ins_1,NA,NA,NA,0.049727177340942,NA,NA
zDCbin_17Networks_LH_SalVentAttnA_FrMed_2,NA,0.04797148140474,NA,NA,0.019979904738989,0.039753490952307
zDCbin_17Networks_LH_SalVentAttnA_FrMed_1,0.028364375431148,0.04797148140474,NA,NA,0.019979904738989,0.0292415330267
zDCbin_17Networks_LH_SalVentAttnA_ParMed_1,0.048176370550065,NA,0.049179098733603,NA,0.028404608994718,0.037427700577704
zDCbin_17Networks_LH_SalVentAttnA_FrOper_2,NA,NA,NA,NA,0.041528184780944,NA
zDCbin_17Networks_LH_SalVentAttnA_Ins_1,NA,NA,NA,0.043293561030985,NA,NA
zDCbin_17Networks_LH_SalVentAttnA_ParOper_1,0.030358802440932,NA,NA,NA,NA,NA
zDCbin_17Networks_LH_DorsAttnB_PrCv_1,NA,NA,NA,NA,0.048993128671731,NA
zDCbin_17Networks_LH_DorsAttnB_PostC_6,NA,NA,NA,NA,0.041528184780944,NA
zDCbin_17Networks_LH_DorsAttnB_PostC_4,NA,NA,0.049179098733603,NA,NA,0.04447808578329
zDCbin_17Networks_LH_DorsAttnB_PostC_2,NA,NA,NA,NA,0.028404608994718,NA
zDCbin_17Networks_LH_DorsAttnB_PostC_1,0.042033018633521,NA,0.049179098733603,0.045724255434477,0.041528184780944,0.0292415330267
zDCbin_17Networks_LH_DorsAttnA_SPL_1,NA,NA,NA,0.047006516716513,NA,NA
zDCbin_17Networks_LH_DorsAttnA_ParOcc_1,NA,NA,NA,NA,0.035375515465177,NA
zDCbin_17Networks_LH_DorsAttnA_TempOcc_4,NA,NA,NA,NA,0.043186275182353,NA
zDCbin_17Networks_LH_DorsAttnA_TempOcc_3,NA,NA,NA,NA,0.046118508682166,NA
zDCbin_17Networks_LH_DorsAttnA_TempOcc_2,NA,NA,NA,0.045724255434477,NA,0.04961052048189
zDCbin_17Networks_LH_SomMotB_S2_4,NA,0.04797148140474,NA,NA,0.041528184780944,NA
zDCbin_17Networks_LH_SomMotB_S2_3,NA,NA,NA,NA,0.041528184780944,NA
zDCbin_17Networks_LH_SomMotB_Aud_3,NA,NA,NA,0.043293561030985,0.028404608994718,0.04750728904574
zDCbin_17Networks_LH_SomMotB_Aud_2,NA,NA,NA,NA,0.041528184780944,NA
zDCbin_17Networks_LH_SomMotB_Aud_1,NA,NA,NA,NA,0.041528184780944,NA
zDCbin_17Networks_LH_SomMotA_15,NA,NA,0.049179098733603,NA,NA,NA
zDCbin_17Networks_LH_SomMotA_14,NA,NA,0.049179098733603,NA,NA,NA
zDCbin_17Networks_LH_SomMotA_8,NA,NA,NA,NA,0.041528184780944,NA
zDCbin_17Networks_LH_VisPeri_ExStrInf_3,NA,NA,NA,NA,0.035375515465177,NA
zDCbin_lPFtha_L,0.036936184205192,NA,NA,NA,NA,0.043909520788104
zDCbin_mPMtha_L,0.024345739320034,NA,NA,NA,NA,0.036364928127434
zDCbin_dlPu_L,0.048707177961764,NA,NA,NA,NA,NA
