,region,sws_total,measure,Section,location,mask,sws_abs,features
106,zfALFF_17Networks_LH_LimbicA_TempPole_6,0.384033347559308,fALFF,cortex,LH-LimbicA-TempPole-6,17Networks_LH_LimbicA_TempPole_6,0.384033347559308,cortex-LH-LimbicA-TempPole-6
114,zfALFF_17Networks_LH_SalVentAttnA_Ins_1,0.370186035815228,fALFF,cortex,LH-SalVentAttnA-Ins-1,17Networks_LH_SalVentAttnA_Ins_1,0.370186035815228,cortex-LH-SalVentAttnA-Ins-1
13,zfALFF_rHipp_L,0.351151278923888,fALFF,subcortex,rHipp-L,rHipp_L,0.351151278923888,subcortex-rHipp-L
86,zfALFF_17Networks_RH_SomMotA_1,-0.344780219985118,fALFF,cortex,RH-SomMotA-1,17Networks_RH_SomMotA_1,0.344780219985118,cortex-RH-SomMotA-1
17,zfALFF_mAmyg_L,0.34384283517602,fALFF,subcortex,mAmyg-L,mAmyg_L,0.34384283517602,subcortex-mAmyg-L
48,zfALFF_17Networks_RH_SalVentAttnB_PFCl_1,-0.343128346633127,fALFF,cortex,RH-SalVentAttnB-PFCl-1,17Networks_RH_SalVentAttnB_PFCl_1,0.343128346633127,cortex-RH-SalVentAttnB-PFCl-1
65,zfALFF_17Networks_RH_DorsAttnB_PostC_2,-0.330167235848193,fALFF,cortex,RH-DorsAttnB-PostC-2,17Networks_RH_DorsAttnB_PostC_2,0.330167235848193,cortex-RH-DorsAttnB-PostC-2
38,zfALFF_17Networks_RH_ContA_PFCl_1,-0.322845267246897,fALFF,cortex,RH-ContA-PFCl-1,17Networks_RH_ContA_PFCl_1,0.322845267246897,cortex-RH-ContA-PFCl-1
35,zfALFF_17Networks_RH_ContA_PFCl_4,-0.317419445517419,fALFF,cortex,RH-ContA-PFCl-4,17Networks_RH_ContA_PFCl_4,0.317419445517419,cortex-RH-ContA-PFCl-4
156,zReHo_17Networks_LH_SomMotA_5,0.314827808250147,ReHo,cortex,LH-SomMotA-5,17Networks_LH_SomMotA_5,0.314827808250147,cortex-LH-SomMotA-5
85,zfALFF_17Networks_RH_SomMotA_2,-0.303948419350892,fALFF,cortex,RH-SomMotA-2,17Networks_RH_SomMotA_2,0.303948419350892,cortex-RH-SomMotA-2
73,zfALFF_17Networks_RH_SomMotB_Cent_2,-0.299520830860187,fALFF,cortex,RH-SomMotB-Cent-2,17Networks_RH_SomMotB_Cent_2,0.299520830860187,cortex-RH-SomMotB-Cent-2
22,zfALFF_17Networks_RH_DefaultA_PFCd_1,-0.299031625033686,fALFF,cortex,RH-DefaultA-PFCd-1,17Networks_RH_DefaultA_PFCd_1,0.299031625033686,cortex-RH-DefaultA-PFCd-1
16,zfALFF_mAmyg_R,0.297219652322278,fALFF,subcortex,mAmyg-R,mAmyg_R,0.297219652322278,subcortex-mAmyg-R
168,zDCwei_17Networks_RH_SalVentAttnA_ParOper_1,-0.295463010495556,DC,cortex,RH-SalVentAttnA-ParOper-1,17Networks_RH_SalVentAttnA_ParOper_1,0.295463010495556,cortex-RH-SalVentAttnA-ParOper-1
11,zfALFF_cHipp_L,0.295343304669028,fALFF,subcortex,cHipp-L,cHipp_L,0.295343304669028,subcortex-cHipp-L
72,zfALFF_17Networks_RH_SomMotB_Cent_3,-0.293017541974712,fALFF,cortex,RH-SomMotB-Cent-3,17Networks_RH_SomMotB_Cent_3,0.293017541974712,cortex-RH-SomMotB-Cent-3
100,zfALFF_17Networks_LH_ContB_PFClv_2,-0.290984659609097,fALFF,cortex,LH-ContB-PFClv-2,17Networks_LH_ContB_PFClv_2,0.290984659609097,cortex-LH-ContB-PFClv-2
99,zfALFF_17Networks_LH_ContB_PFClv_3,-0.290059816331766,fALFF,cortex,LH-ContB-PFClv-3,17Networks_LH_ContB_PFClv_3,0.290059816331766,cortex-LH-ContB-PFClv-3
75,zfALFF_17Networks_RH_SomMotB_S2_6,-0.287976024811999,fALFF,cortex,RH-SomMotB-S2-6,17Networks_RH_SomMotB_S2_6,0.287976024811999,cortex-RH-SomMotB-S2-6
115,zfALFF_17Networks_LH_DorsAttnB_PostC_5,-0.287951257209496,fALFF,cortex,LH-DorsAttnB-PostC-5,17Networks_LH_DorsAttnB_PostC_5,0.287951257209496,cortex-LH-DorsAttnB-PostC-5
45,zfALFF_17Networks_RH_SalVentAttnB_PFCmp_1,-0.287781400538033,fALFF,cortex,RH-SalVentAttnB-PFCmp-1,17Networks_RH_SalVentAttnB_PFCmp_1,0.287781400538033,cortex-RH-SalVentAttnB-PFCmp-1
63,zfALFF_17Networks_RH_DorsAttnB_PostC_4,-0.28720618773231,fALFF,cortex,RH-DorsAttnB-PostC-4,17Networks_RH_DorsAttnB_PostC_4,0.28720618773231,cortex-RH-DorsAttnB-PostC-4
118,zfALFF_17Networks_LH_SomMotB_Cent_3,-0.287133981870289,fALFF,cortex,LH-SomMotB-Cent-3,17Networks_LH_SomMotB_Cent_3,0.287133981870289,cortex-LH-SomMotB-Cent-3
162,zDCwei_17Networks_RH_TempPar_4,-0.284176940226614,DC,cortex,RH-TempPar-4,17Networks_RH_TempPar_4,0.284176940226614,cortex-RH-TempPar-4
82,zfALFF_17Networks_RH_SomMotA_6,-0.283597991748867,fALFF,cortex,RH-SomMotA-6,17Networks_RH_SomMotA_6,0.283597991748867,cortex-RH-SomMotA-6
122,zfALFF_17Networks_LH_SomMotB_Aud_1,0.281534127172598,fALFF,cortex,LH-SomMotB-Aud-1,17Networks_LH_SomMotB_Aud_1,0.281534127172598,cortex-LH-SomMotB-Aud-1
36,zfALFF_17Networks_RH_ContA_PFCl_3,-0.28077651714424,fALFF,cortex,RH-ContA-PFCl-3,17Networks_RH_ContA_PFCl_3,0.28077651714424,cortex-RH-ContA-PFCl-3
117,zfALFF_17Networks_LH_DorsAttnA_SPL_3,-0.271742947524259,fALFF,cortex,LH-DorsAttnA-SPL-3,17Networks_LH_DorsAttnA_SPL_3,0.271742947524259,cortex-LH-DorsAttnA-SPL-3
40,zfALFF_17Networks_RH_ContA_IPS_4,-0.271718499833305,fALFF,cortex,RH-ContA-IPS-4,17Networks_RH_ContA_IPS_4,0.271718499833305,cortex-RH-ContA-IPS-4
84,zfALFF_17Networks_RH_SomMotA_3,-0.271628099184941,fALFF,cortex,RH-SomMotA-3,17Networks_RH_SomMotA_3,0.271628099184941,cortex-RH-SomMotA-3
34,zfALFF_17Networks_RH_ContA_PFCl_5,-0.270774472349744,fALFF,cortex,RH-ContA-PFCl-5,17Networks_RH_ContA_PFCl_5,0.270774472349744,cortex-RH-ContA-PFCl-5
58,zfALFF_17Networks_RH_SalVentAttnA_ParOper_3,-0.268908831327746,fALFF,cortex,RH-SalVentAttnA-ParOper-3,17Networks_RH_SalVentAttnA_ParOper_3,0.268908831327746,cortex-RH-SalVentAttnA-ParOper-3
113,zfALFF_17Networks_LH_SalVentAttnA_FrMed_2,-0.268548105084977,fALFF,cortex,LH-SalVentAttnA-FrMed-2,17Networks_LH_SalVentAttnA_FrMed_2,0.268548105084977,cortex-LH-SalVentAttnA-FrMed-2
52,zfALFF_17Networks_RH_SalVentAttnA_ParMed_3,-0.264455488137058,fALFF,cortex,RH-SalVentAttnA-ParMed-3,17Networks_RH_SalVentAttnA_ParMed_3,0.264455488137058,cortex-RH-SalVentAttnA-ParMed-3
49,zfALFF_17Networks_RH_SalVentAttnB_PFClv_1,-0.260932681211268,fALFF,cortex,RH-SalVentAttnB-PFClv-1,17Networks_RH_SalVentAttnB_PFClv_1,0.260932681211268,cortex-RH-SalVentAttnB-PFClv-1
89,zfALFF_17Networks_LH_DefaultB_PFCd_1,-0.260249714656464,fALFF,cortex,LH-DefaultB-PFCd-1,17Networks_LH_DefaultB_PFCd_1,0.260249714656464,cortex-LH-DefaultB-PFCd-1
66,zfALFF_17Networks_RH_DorsAttnB_PostC_1,-0.259181909842952,fALFF,cortex,RH-DorsAttnB-PostC-1,17Networks_RH_DorsAttnB_PostC_1,0.259181909842952,cortex-RH-DorsAttnB-PostC-1
179,zDCwei_17Networks_LH_SalVentAttnA_FrMed_1,-0.258578381690194,DC,cortex,LH-SalVentAttnA-FrMed-1,17Networks_LH_SalVentAttnA_FrMed_1,0.258578381690194,cortex-LH-SalVentAttnA-FrMed-1
125,gmd_lPFtha_R,0.258298081750479,GMV,subcortex,lPFtha-R,lPFtha_R,0.258298081750479,subcortex-lPFtha-R
62,zfALFF_17Networks_RH_DorsAttnB_PostC_5,-0.257982994097767,fALFF,cortex,RH-DorsAttnB-PostC-5,17Networks_RH_DorsAttnB_PostC_5,0.257982994097767,cortex-RH-DorsAttnB-PostC-5
138,gmd_17Networks_LH_SomMotA_11,0.257664889104328,GMV,cortex,LH-SomMotA-11,17Networks_LH_SomMotA_11,0.257664889104328,cortex-LH-SomMotA-11
44,zfALFF_17Networks_RH_SalVentAttnB_PFCmp_2,-0.255752048799823,fALFF,cortex,RH-SalVentAttnB-PFCmp-2,17Networks_RH_SalVentAttnB_PFCmp_2,0.255752048799823,cortex-RH-SalVentAttnB-PFCmp-2
37,zfALFF_17Networks_RH_ContA_PFCl_2,-0.255655152235847,fALFF,cortex,RH-ContA-PFCl-2,17Networks_RH_ContA_PFCl_2,0.255655152235847,cortex-RH-ContA-PFCl-2
108,zfALFF_17Networks_LH_LimbicA_TempPole_2,0.252677151842249,fALFF,cortex,LH-LimbicA-TempPole-2,17Networks_LH_LimbicA_TempPole_2,0.252677151842249,cortex-LH-LimbicA-TempPole-2
27,zfALFF_17Networks_RH_ContB_PFClv_4,-0.251877174402256,fALFF,cortex,RH-ContB-PFClv-4,17Networks_RH_ContB_PFClv_4,0.251877174402256,cortex-RH-ContB-PFClv-4
26,zfALFF_17Networks_RH_ContB_PFCmp_1,-0.251397972740542,fALFF,cortex,RH-ContB-PFCmp-1,17Networks_RH_ContB_PFCmp_1,0.251397972740542,cortex-RH-ContB-PFCmp-1
105,zfALFF_17Networks_LH_LimbicA_TempPole_7,0.248966346456072,fALFF,cortex,LH-LimbicA-TempPole-7,17Networks_LH_LimbicA_TempPole_7,0.248966346456072,cortex-LH-LimbicA-TempPole-7
121,zfALFF_17Networks_LH_SomMotB_S2_2,0.246855474570478,fALFF,cortex,LH-SomMotB-S2-2,17Networks_LH_SomMotB_S2_2,0.246855474570478,cortex-LH-SomMotB-S2-2
79,zfALFF_17Networks_RH_SomMotA_12,-0.246276806736158,fALFF,cortex,RH-SomMotA-12,17Networks_RH_SomMotA_12,0.246276806736158,cortex-RH-SomMotA-12
101,zfALFF_17Networks_LH_ContA_PFCl_3,-0.245868412645229,fALFF,cortex,LH-ContA-PFCl-3,17Networks_LH_ContA_PFCl_3,0.245868412645229,cortex-LH-ContA-PFCl-3
29,zfALFF_17Networks_RH_ContB_PFCld_1,-0.24529484505087,fALFF,cortex,RH-ContB-PFCld-1,17Networks_RH_ContB_PFCld_1,0.24529484505087,cortex-RH-ContB-PFCld-1
18,zfALFF_17Networks_RH_DefaultB_PFCd_3,-0.24492498805474,fALFF,cortex,RH-DefaultB-PFCd-3,17Networks_RH_DefaultB_PFCd_3,0.24492498805474,cortex-RH-DefaultB-PFCd-3
83,zfALFF_17Networks_RH_SomMotA_4,-0.244535782598493,fALFF,cortex,RH-SomMotA-4,17Networks_RH_SomMotA_4,0.244535782598493,cortex-RH-SomMotA-4
64,zfALFF_17Networks_RH_DorsAttnB_PostC_3,-0.243930173193017,fALFF,cortex,RH-DorsAttnB-PostC-3,17Networks_RH_DorsAttnB_PostC_3,0.243930173193017,cortex-RH-DorsAttnB-PostC-3
32,zfALFF_17Networks_RH_ContB_Temp_2,-0.24332434753285,fALFF,cortex,RH-ContB-Temp-2,17Networks_RH_ContB_Temp_2,0.24332434753285,cortex-RH-ContB-Temp-2
20,zfALFF_17Networks_RH_DefaultA_PFCm_4,-0.243235987374655,fALFF,cortex,RH-DefaultA-PFCm-4,17Networks_RH_DefaultA_PFCm_4,0.243235987374655,cortex-RH-DefaultA-PFCm-4
150,zReHo_17Networks_RH_SomMotA_9,0.241890773974263,ReHo,cortex,RH-SomMotA-9,17Networks_RH_SomMotA_9,0.241890773974263,cortex-RH-SomMotA-9
47,zfALFF_17Networks_RH_SalVentAttnB_PFCl_2,-0.241867266218358,fALFF,cortex,RH-SalVentAttnB-PFCl-2,17Networks_RH_SalVentAttnB_PFCl_2,0.241867266218358,cortex-RH-SalVentAttnB-PFCl-2
31,zfALFF_17Networks_RH_ContB_IPL_1,-0.24101315417067,fALFF,cortex,RH-ContB-IPL-1,17Networks_RH_ContB_IPL_1,0.24101315417067,cortex-RH-ContB-IPL-1
166,zDCwei_17Networks_RH_SalVentAttnA_ParMed_2,-0.240820670679002,DC,cortex,RH-SalVentAttnA-ParMed-2,17Networks_RH_SalVentAttnA_ParMed_2,0.240820670679002,cortex-RH-SalVentAttnA-ParMed-2
53,zfALFF_17Networks_RH_SalVentAttnA_FrMed_2,-0.240680827158715,fALFF,cortex,RH-SalVentAttnA-FrMed-2,17Networks_RH_SalVentAttnA_FrMed_2,0.240680827158715,cortex-RH-SalVentAttnA-FrMed-2
59,zfALFF_17Networks_RH_DorsAttnB_FEF_3,-0.240151610633338,fALFF,cortex,RH-DorsAttnB-FEF-3,17Networks_RH_DorsAttnB_FEF_3,0.240151610633338,cortex-RH-DorsAttnB-FEF-3
14,zfALFF_lAmyg_R,0.238940868879882,fALFF,subcortex,lAmyg-R,lAmyg_R,0.238940868879882,subcortex-lAmyg-R
147,zReHo_17Networks_RH_DorsAttnA_TempOcc_3,-0.23632488373713,ReHo,cortex,RH-DorsAttnA-TempOcc-3,17Networks_RH_DorsAttnA_TempOcc_3,0.23632488373713,cortex-RH-DorsAttnA-TempOcc-3
116,zfALFF_17Networks_LH_DorsAttnB_PostC_2,-0.235753130971278,fALFF,cortex,LH-DorsAttnB-PostC-2,17Networks_LH_DorsAttnB_PostC_2,0.235753130971278,cortex-LH-DorsAttnB-PostC-2
134,gmd_17Networks_RH_VisCent_ExStr_8,0.235011552807537,GMV,cortex,RH-VisCent-ExStr-8,17Networks_RH_VisCent_ExStr_8,0.235011552807537,cortex-RH-VisCent-ExStr-8
7,zfALFF_Stha_R,0.233827979315631,fALFF,subcortex,Stha-R,Stha_R,0.233827979315631,subcortex-Stha-R
111,zfALFF_17Networks_LH_SalVentAttnB_PFCl_2,-0.23368488737191,fALFF,cortex,LH-SalVentAttnB-PFCl-2,17Networks_LH_SalVentAttnB_PFCl_2,0.23368488737191,cortex-LH-SalVentAttnB-PFCl-2
55,zfALFF_17Networks_RH_SalVentAttnA_FrMed_1,-0.233380664855225,fALFF,cortex,RH-SalVentAttnA-FrMed-1,17Networks_RH_SalVentAttnA_FrMed_1,0.233380664855225,cortex-RH-SalVentAttnA-FrMed-1
170,zDCwei_17Networks_RH_DorsAttnA_TempOcc_1,-0.232997793152215,DC,cortex,RH-DorsAttnA-TempOcc-1,17Networks_RH_DorsAttnA_TempOcc_1,0.232997793152215,cortex-RH-DorsAttnA-TempOcc-1
77,zfALFF_17Networks_RH_SomMotB_S2_1,-0.232873883925269,fALFF,cortex,RH-SomMotB-S2-1,17Networks_RH_SomMotB_S2_1,0.232873883925269,cortex-RH-SomMotB-S2-1
95,zfALFF_17Networks_LH_DefaultA_pCunPCC_7,-0.231138424263163,fALFF,cortex,LH-DefaultA-pCunPCC-7,17Networks_LH_DefaultA_pCunPCC_7,0.231138424263163,cortex-LH-DefaultA-pCunPCC-7
128,gmd_17Networks_RH_SomMotA_11,0.230946139102816,GMV,cortex,RH-SomMotA-11,17Networks_RH_SomMotA_11,0.230946139102816,cortex-RH-SomMotA-11
60,zfALFF_17Networks_RH_DorsAttnB_FEF_2,-0.230760366915268,fALFF,cortex,RH-DorsAttnB-FEF-2,17Networks_RH_DorsAttnB_FEF_2,0.230760366915268,cortex-RH-DorsAttnB-FEF-2
50,zfALFF_17Networks_RH_SalVentAttnA_FrMed_3,-0.230466101097081,fALFF,cortex,RH-SalVentAttnA-FrMed-3,17Networks_RH_SalVentAttnA_FrMed_3,0.230466101097081,cortex-RH-SalVentAttnA-FrMed-3
12,zfALFF_rHipp_R,0.228779381177027,fALFF,subcortex,rHipp-R,rHipp_R,0.228779381177027,subcortex-rHipp-R
9,zfALFF_mPMtha_L,0.228716002983221,fALFF,subcortex,mPMtha-L,mPMtha_L,0.228716002983221,subcortex-mPMtha-L
141,zReHo_mAmyg_L,0.228672265938002,ReHo,subcortex,mAmyg-L,mAmyg_L,0.228672265938002,subcortex-mAmyg-L
96,zfALFF_17Networks_LH_DefaultA_PFCd_1,-0.228212365945887,fALFF,cortex,LH-DefaultA-PFCd-1,17Networks_LH_DefaultA_PFCd_1,0.228212365945887,cortex-LH-DefaultA-PFCd-1
94,zfALFF_17Networks_LH_DefaultA_PFCm_3,-0.226476210685889,fALFF,cortex,LH-DefaultA-PFCm-3,17Networks_LH_DefaultA_PFCm_3,0.226476210685889,cortex-LH-DefaultA-PFCm-3
57,zfALFF_17Networks_RH_SalVentAttnA_PrC_1,-0.224787856478249,fALFF,cortex,RH-SalVentAttnA-PrC-1,17Networks_RH_SalVentAttnA_PrC_1,0.224787856478249,cortex-RH-SalVentAttnA-PrC-1
15,zfALFF_lAmyg_L,0.224450540633938,fALFF,subcortex,lAmyg-L,lAmyg_L,0.224450540633938,subcortex-lAmyg-L
23,zfALFF_17Networks_RH_DefaultA_IPL_1,-0.224255833493966,fALFF,cortex,RH-DefaultA-IPL-1,17Networks_RH_DefaultA_IPL_1,0.224255833493966,cortex-RH-DefaultA-IPL-1
163,zDCwei_17Networks_RH_ContA_PFCl_5,-0.224165985823285,DC,cortex,RH-ContA-PFCl-5,17Networks_RH_ContA_PFCl_5,0.224165985823285,cortex-RH-ContA-PFCl-5
41,zfALFF_17Networks_RH_ContA_IPS_3,-0.224159494812986,fALFF,cortex,RH-ContA-IPS-3,17Networks_RH_ContA_IPS_3,0.224159494812986,cortex-RH-ContA-IPS-3
159,zDCwei_mPMtha_L,0.224121393680991,DC,subcortex,mPMtha-L,mPMtha_L,0.224121393680991,subcortex-mPMtha-L
81,zfALFF_17Networks_RH_SomMotA_7,-0.223997721795768,fALFF,cortex,RH-SomMotA-7,17Networks_RH_SomMotA_7,0.223997721795768,cortex-RH-SomMotA-7
28,zfALFF_17Networks_RH_ContB_PFCld_3,-0.222025914018639,fALFF,cortex,RH-ContB-PFCld-3,17Networks_RH_ContB_PFCld_3,0.222025914018639,cortex-RH-ContB-PFCld-3
70,zfALFF_17Networks_RH_DorsAttnA_SPL_1,-0.220411265224518,fALFF,cortex,RH-DorsAttnA-SPL-1,17Networks_RH_DorsAttnA_SPL_1,0.220411265224518,cortex-RH-DorsAttnA-SPL-1
5,zfALFF_rTtha_R,0.22008617516963,fALFF,subcortex,rTtha-R,rTtha_R,0.22008617516963,subcortex-rTtha-R
182,zDCwei_17Networks_LH_DorsAttnB_PostC_1,-0.219417434174858,DC,cortex,LH-DorsAttnB-PostC-1,17Networks_LH_DorsAttnB_PostC_1,0.219417434174858,cortex-LH-DorsAttnB-PostC-1
109,zfALFF_17Networks_LH_LimbicA_TempPole_1,0.219370662871745,fALFF,cortex,LH-LimbicA-TempPole-1,17Networks_LH_LimbicA_TempPole_1,0.219370662871745,cortex-LH-LimbicA-TempPole-1
42,zfALFF_17Networks_RH_ContA_IPS_2,-0.219273241971561,fALFF,cortex,RH-ContA-IPS-2,17Networks_RH_ContA_IPS_2,0.219273241971561,cortex-RH-ContA-IPS-2
158,zDCwei_lPFtha_L,0.218698847867,DC,subcortex,lPFtha-L,lPFtha_L,0.218698847867,subcortex-lPFtha-L
78,zfALFF_17Networks_RH_SomMotA_14,-0.218268431671301,fALFF,cortex,RH-SomMotA-14,17Networks_RH_SomMotA_14,0.218268431671301,cortex-RH-SomMotA-14
91,zfALFF_17Networks_LH_DefaultB_Temp_1,0.217281579749692,fALFF,cortex,LH-DefaultB-Temp-1,17Networks_LH_DefaultB_Temp_1,0.217281579749692,cortex-LH-DefaultB-Temp-1
174,zDCwei_17Networks_RH_SomMotA_6,-0.216580266325196,DC,cortex,RH-SomMotA-6,17Networks_RH_SomMotA_6,0.216580266325196,cortex-RH-SomMotA-6
92,zfALFF_17Networks_LH_DefaultA_PFCm_6,-0.216180770799382,fALFF,cortex,LH-DefaultA-PFCm-6,17Networks_LH_DefaultA_PFCm_6,0.216180770799382,cortex-LH-DefaultA-PFCm-6
8,zfALFF_Stha_L,0.213936432955391,fALFF,subcortex,Stha-L,Stha_L,0.213936432955391,subcortex-Stha-L
43,zfALFF_17Networks_RH_ContA_IPS_1,-0.213273975988922,fALFF,cortex,RH-ContA-IPS-1,17Networks_RH_ContA_IPS_1,0.213273975988922,cortex-RH-ContA-IPS-1
39,zfALFF_17Networks_RH_ContA_PFCd_1,-0.212981694182488,fALFF,cortex,RH-ContA-PFCd-1,17Networks_RH_ContA_PFCd_1,0.212981694182488,cortex-RH-ContA-PFCd-1
97,zfALFF_17Networks_LH_ContC_pCun_3,-0.212642431058111,fALFF,cortex,LH-ContC-pCun-3,17Networks_LH_ContC_pCun_3,0.212642431058111,cortex-LH-ContC-pCun-3
80,zfALFF_17Networks_RH_SomMotA_9,-0.211233704307065,fALFF,cortex,RH-SomMotA-9,17Networks_RH_SomMotA_9,0.211233704307065,cortex-RH-SomMotA-9
143,zReHo_17Networks_RH_DefaultA_IPL_2,-0.211221536709248,ReHo,cortex,RH-DefaultA-IPL-2,17Networks_RH_DefaultA_IPL_2,0.211221536709248,cortex-RH-DefaultA-IPL-2
140,zReHo_cHipp_L,0.210774263367062,ReHo,subcortex,cHipp-L,cHipp_L,0.210774263367062,subcortex-cHipp-L
76,zfALFF_17Networks_RH_SomMotB_S2_5,-0.210579322668617,fALFF,cortex,RH-SomMotB-S2-5,17Networks_RH_SomMotB_S2_5,0.210579322668617,cortex-RH-SomMotB-S2-5
169,zDCwei_17Networks_RH_DorsAttnB_PostC_8,-0.210072951059953,DC,cortex,RH-DorsAttnB-PostC-8,17Networks_RH_DorsAttnB_PostC_8,0.210072951059953,cortex-RH-DorsAttnB-PostC-8
144,zReHo_17Networks_RH_SalVentAttnA_FrOper_2,-0.209635586660749,ReHo,cortex,RH-SalVentAttnA-FrOper-2,17Networks_RH_SalVentAttnA_FrOper_2,0.209635586660749,cortex-RH-SalVentAttnA-FrOper-2
98,zfALFF_17Networks_LH_ContB_PFCmp_1,-0.208846194945434,fALFF,cortex,LH-ContB-PFCmp-1,17Networks_LH_ContB_PFCmp_1,0.208846194945434,cortex-LH-ContB-PFCmp-1
151,zReHo_17Networks_RH_VisCent_ExStr_6,-0.208773608802589,ReHo,cortex,RH-VisCent-ExStr-6,17Networks_RH_VisCent_ExStr_6,0.208773608802589,cortex-RH-VisCent-ExStr-6
46,zfALFF_17Networks_RH_SalVentAttnB_PFCl_3,-0.208554281600524,fALFF,cortex,RH-SalVentAttnB-PFCl-3,17Networks_RH_SalVentAttnB_PFCl_3,0.208554281600524,cortex-RH-SalVentAttnB-PFCl-3
54,zfALFF_17Networks_RH_SalVentAttnA_ParMed_2,-0.208547999132904,fALFF,cortex,RH-SalVentAttnA-ParMed-2,17Networks_RH_SalVentAttnA_ParMed_2,0.208547999132904,cortex-RH-SalVentAttnA-ParMed-2
21,zfALFF_17Networks_RH_DefaultA_PFCd_2,-0.208223594812147,fALFF,cortex,RH-DefaultA-PFCd-2,17Networks_RH_DefaultA_PFCd_2,0.208223594812147,cortex-RH-DefaultA-PFCd-2
110,zfALFF_17Networks_LH_SalVentAttnB_PFCmp_1,-0.206810904187751,fALFF,cortex,LH-SalVentAttnB-PFCmp-1,17Networks_LH_SalVentAttnB_PFCmp_1,0.206810904187751,cortex-LH-SalVentAttnB-PFCmp-1
33,zfALFF_17Networks_RH_ContA_Cingm_1,-0.206785144097359,fALFF,cortex,RH-ContA-Cingm-1,17Networks_RH_ContA_Cingm_1,0.206785144097359,cortex-RH-ContA-Cingm-1
123,zfALFF_17Networks_LH_SomMotA_1,0.206542098227079,fALFF,cortex,LH-SomMotA-1,17Networks_LH_SomMotA_1,0.206542098227079,cortex-LH-SomMotA-1
102,zfALFF_17Networks_LH_ContA_PFClv_2,-0.205384293094472,fALFF,cortex,LH-ContA-PFClv-2,17Networks_LH_ContA_PFClv_2,0.205384293094472,cortex-LH-ContA-PFClv-2
112,zfALFF_17Networks_LH_SalVentAttnB_PFCl_1,-0.205306030383129,fALFF,cortex,LH-SalVentAttnB-PFCl-1,17Networks_LH_SalVentAttnB_PFCl_1,0.205306030383129,cortex-LH-SalVentAttnB-PFCl-1
4,zfALFF_Otha_L,0.204450069512267,fALFF,subcortex,Otha-L,Otha_L,0.204450069512267,subcortex-Otha-L
175,zDCwei_17Networks_LH_DefaultC_PHC_3,-0.204419298946277,DC,cortex,LH-DefaultC-PHC-3,17Networks_LH_DefaultC_PHC_3,0.204419298946277,cortex-LH-DefaultC-PHC-3
133,gmd_17Networks_RH_VisCent_ExStr_9,0.204306817038891,GMV,cortex,RH-VisCent-ExStr-9,17Networks_RH_VisCent_ExStr_9,0.204306817038891,cortex-RH-VisCent-ExStr-9
164,zDCwei_17Networks_RH_SalVentAttnA_FrMed_4,-0.204025529713717,DC,cortex,RH-SalVentAttnA-FrMed-4,17Networks_RH_SalVentAttnA_FrMed_4,0.204025529713717,cortex-RH-SalVentAttnA-FrMed-4
152,zReHo_17Networks_LH_ContA_IPS_2,0.203951063971756,ReHo,cortex,LH-ContA-IPS-2,17Networks_LH_ContA_IPS_2,0.203951063971756,cortex-LH-ContA-IPS-2
167,zDCwei_17Networks_RH_SalVentAttnA_FrMed_1,-0.203949678982534,DC,cortex,RH-SalVentAttnA-FrMed-1,17Networks_RH_SalVentAttnA_FrMed_1,0.203949678982534,cortex-RH-SalVentAttnA-FrMed-1
160,zDCwei_dlPu_L,0.203922829538993,DC,subcortex,dlPu-L,dlPu_L,0.203922829538993,subcortex-dlPu-L
180,zDCwei_17Networks_LH_SalVentAttnA_ParMed_1,-0.203534765014881,DC,cortex,LH-SalVentAttnA-ParMed-1,17Networks_LH_SalVentAttnA_ParMed_1,0.203534765014881,cortex-LH-SalVentAttnA-ParMed-1
172,zDCwei_17Networks_RH_SomMotB_S2_3,-0.20349804570697,DC,cortex,RH-SomMotB-S2-3,17Networks_RH_SomMotB_S2_3,0.20349804570697,cortex-RH-SomMotB-S2-3
177,zDCwei_17Networks_LH_ContB_Temp_2,-0.203437650864578,DC,cortex,LH-ContB-Temp-2,17Networks_LH_ContB_Temp_2,0.203437650864578,cortex-LH-ContB-Temp-2
104,zfALFF_17Networks_LH_ContA_IPS_1,-0.202844142131951,fALFF,cortex,LH-ContA-IPS-1,17Networks_LH_ContA_IPS_1,0.202844142131951,cortex-LH-ContA-IPS-1
6,zfALFF_rTtha_L,0.201739179210043,fALFF,subcortex,rTtha-L,rTtha_L,0.201739179210043,subcortex-rTtha-L
126,gmd_dlPu_L,-0.200972278133,GMV,subcortex,dlPu-L,dlPu_L,0.200972278133,subcortex-dlPu-L
137,gmd_17Networks_LH_DorsAttnB_PostC_6,0.200752382220077,GMV,cortex,LH-DorsAttnB-PostC-6,17Networks_LH_DorsAttnB_PostC_6,0.200752382220077,cortex-LH-DorsAttnB-PostC-6
24,zfALFF_17Networks_RH_ContC_pCun_4,-0.200099430211639,fALFF,cortex,RH-ContC-pCun-4,17Networks_RH_ContC_pCun_4,0.200099430211639,cortex-RH-ContC-pCun-4
146,zReHo_17Networks_RH_DorsAttnB_FEF_3,-0.199770577405073,ReHo,cortex,RH-DorsAttnB-FEF-3,17Networks_RH_DorsAttnB_FEF_3,0.199770577405073,cortex-RH-DorsAttnB-FEF-3
136,gmd_17Networks_LH_LimbicB_OFC_1,0.199169608385402,GMV,cortex,LH-LimbicB-OFC-1,17Networks_LH_LimbicB_OFC_1,0.199169608385402,cortex-LH-LimbicB-OFC-1
61,zfALFF_17Networks_RH_DorsAttnB_FEF_1,-0.199079213421049,fALFF,cortex,RH-DorsAttnB-FEF-1,17Networks_RH_DorsAttnB_FEF_1,0.199079213421049,cortex-RH-DorsAttnB-FEF-1
171,zDCwei_17Networks_RH_SomMotB_S2_6,-0.198987196951622,DC,cortex,RH-SomMotB-S2-6,17Networks_RH_SomMotB_S2_6,0.198987196951622,cortex-RH-SomMotB-S2-6
178,zDCwei_17Networks_LH_SalVentAttnA_FrMed_2,-0.197818884220215,DC,cortex,LH-SalVentAttnA-FrMed-2,17Networks_LH_SalVentAttnA_FrMed_2,0.197818884220215,cortex-LH-SalVentAttnA-FrMed-2
153,zReHo_17Networks_LH_SomMotA_12,0.197488596566693,ReHo,cortex,LH-SomMotA-12,17Networks_LH_SomMotA_12,0.197488596566693,cortex-LH-SomMotA-12
127,gmd_17Networks_RH_DefaultB_PFCd_2,0.197123855381612,GMV,cortex,RH-DefaultB-PFCd-2,17Networks_RH_DefaultB_PFCd_2,0.197123855381612,cortex-RH-DefaultB-PFCd-2
74,zfALFF_17Networks_RH_SomMotB_Cent_1,-0.196868070083511,fALFF,cortex,RH-SomMotB-Cent-1,17Networks_RH_SomMotB_Cent_1,0.196868070083511,cortex-RH-SomMotB-Cent-1
103,zfALFF_17Networks_LH_ContA_IPS_3,-0.196636108208051,fALFF,cortex,LH-ContA-IPS-3,17Networks_LH_ContA_IPS_3,0.196636108208051,cortex-LH-ContA-IPS-3
131,gmd_17Networks_RH_SomMotA_4,-0.19633343134396,GMV,cortex,RH-SomMotA-4,17Networks_RH_SomMotA_4,0.19633343134396,cortex-RH-SomMotA-4
142,zReHo_17Networks_RH_DefaultA_PFCm_5,0.195955904474778,ReHo,cortex,RH-DefaultA-PFCm-5,17Networks_RH_DefaultA_PFCm_5,0.195955904474778,cortex-RH-DefaultA-PFCm-5
145,zReHo_17Networks_RH_SalVentAttnA_Ins_3,-0.19576202805098,ReHo,cortex,RH-SalVentAttnA-Ins-3,17Networks_RH_SalVentAttnA_Ins_3,0.19576202805098,cortex-RH-SalVentAttnA-Ins-3
19,zfALFF_17Networks_RH_DefaultB_Temp_1,-0.194070573345395,fALFF,cortex,RH-DefaultB-Temp-1,17Networks_RH_DefaultB_Temp_1,0.194070573345395,cortex-RH-DefaultB-Temp-1
154,zReHo_17Networks_LH_SomMotA_9,0.194030557752074,ReHo,cortex,LH-SomMotA-9,17Networks_LH_SomMotA_9,0.194030557752074,cortex-LH-SomMotA-9
148,zReHo_17Networks_RH_SomMotB_S2_1,-0.194009640091964,ReHo,cortex,RH-SomMotB-S2-1,17Networks_RH_SomMotB_S2_1,0.194009640091964,cortex-RH-SomMotB-S2-1
135,gmd_17Networks_LH_DefaultB_PFCv_4,0.193919577722608,GMV,cortex,LH-DefaultB-PFCv-4,17Networks_LH_DefaultB_PFCv_4,0.193919577722608,cortex-LH-DefaultB-PFCv-4
25,zfALFF_17Networks_RH_ContC_pCun_2,-0.193711189796819,fALFF,cortex,RH-ContC-pCun-2,17Networks_RH_ContC_pCun_2,0.193711189796819,cortex-RH-ContC-pCun-2
120,zfALFF_17Networks_LH_SomMotB_Aud_3,0.193632800731651,fALFF,cortex,LH-SomMotB-Aud-3,17Networks_LH_SomMotB_Aud_3,0.193632800731651,cortex-LH-SomMotB-Aud-3
0,zfALFF_17Networks_9,0.193461757866734,fALFF,cerebellum,Network-9,Network_9,0.193461757866734,cerebellum-Network-9
124,zfALFF_17Networks_LH_VisCent_Striate_1,0.193323363336606,fALFF,cortex,LH-VisCent-Striate-1,17Networks_LH_VisCent_Striate_1,0.193323363336606,cortex-LH-VisCent-Striate-1
129,gmd_17Networks_RH_SomMotA_10,-0.192977622337627,GMV,cortex,RH-SomMotA-10,17Networks_RH_SomMotA_10,0.192977622337627,cortex-RH-SomMotA-10
132,gmd_17Networks_RH_VisPeri_ExStrSup_3,-0.192974275178771,GMV,cortex,RH-VisPeri-ExStrSup-3,17Networks_RH_VisPeri_ExStrSup_3,0.192974275178771,cortex-RH-VisPeri-ExStrSup-3
88,zfALFF_17Networks_LH_DefaultB_PFCv_1,0.192905137441382,fALFF,cortex,LH-DefaultB-PFCv-1,17Networks_LH_DefaultB_PFCv_1,0.192905137441382,cortex-LH-DefaultB-PFCv-1
149,zReHo_17Networks_RH_SomMotA_17,0.192861031122061,ReHo,cortex,RH-SomMotA-17,17Networks_RH_SomMotA_17,0.192861031122061,cortex-RH-SomMotA-17
2,zfALFF_lPFtha_L,0.192589864705603,fALFF,subcortex,lPFtha-L,lPFtha_L,0.192589864705603,subcortex-lPFtha-L
155,zReHo_17Networks_LH_SomMotA_8,0.191953877581701,ReHo,cortex,LH-SomMotA-8,17Networks_LH_SomMotA_8,0.191953877581701,cortex-LH-SomMotA-8
157,zDCwei_17Networks_9,0.191635990685374,DC,cerebellum,Network-9,Network_9,0.191635990685374,cerebellum-Network-9
107,zfALFF_17Networks_LH_LimbicA_TempPole_5,0.191547332591921,fALFF,cortex,LH-LimbicA-TempPole-5,17Networks_LH_LimbicA_TempPole_5,0.191547332591921,cortex-LH-LimbicA-TempPole-5
93,zfALFF_17Networks_LH_DefaultA_PFCm_5,-0.19139060604116,fALFF,cortex,LH-DefaultA-PFCm-5,17Networks_LH_DefaultA_PFCm_5,0.19139060604116,cortex-LH-DefaultA-PFCm-5
139,zReHo_17Networks_15,0.191232955424475,ReHo,cerebellum,15,Network_15,0.191232955424475,cerebellum-15
165,zDCwei_17Networks_RH_SalVentAttnA_ParMed_4,-0.191214303051856,DC,cortex,RH-SalVentAttnA-ParMed-4,17Networks_RH_SalVentAttnA_ParMed_4,0.191214303051856,cortex-RH-SalVentAttnA-ParMed-4
68,zfALFF_17Networks_RH_DorsAttnA_SPL_5,-0.191191359122274,fALFF,cortex,RH-DorsAttnA-SPL-5,17Networks_RH_DorsAttnA_SPL_5,0.191191359122274,cortex-RH-DorsAttnA-SPL-5
183,zDCwei_17Networks_LH_DorsAttnA_TempOcc_2,-0.190193689862396,DC,cortex,LH-DorsAttnA-TempOcc-2,17Networks_LH_DorsAttnA_TempOcc_2,0.190193689862396,cortex-LH-DorsAttnA-TempOcc-2
87,zfALFF_17Networks_LH_TempPar_1,0.189201985161006,fALFF,cortex,LH-TempPar-1,17Networks_LH_TempPar_1,0.189201985161006,cortex-LH-TempPar-1
67,zfALFF_17Networks_RH_DorsAttnA_SPL_6,-0.189066601305001,fALFF,cortex,RH-DorsAttnA-SPL-6,17Networks_RH_DorsAttnA_SPL_6,0.189066601305001,cortex-RH-DorsAttnA-SPL-6
56,zfALFF_17Networks_RH_SalVentAttnA_FrOper_3,-0.188978466547672,fALFF,cortex,RH-SalVentAttnA-FrOper-3,17Networks_RH_SalVentAttnA_FrOper_3,0.188978466547672,cortex-RH-SalVentAttnA-FrOper-3
130,gmd_17Networks_RH_SomMotA_7,-0.18878314883919,GMV,cortex,RH-SomMotA-7,17Networks_RH_SomMotA_7,0.18878314883919,cortex-RH-SomMotA-7
30,zfALFF_17Networks_RH_ContB_IPL_3,-0.188221749573756,fALFF,cortex,RH-ContB-IPL-3,17Networks_RH_ContB_IPL_3,0.188221749573756,cortex-RH-ContB-IPL-3
69,zfALFF_17Networks_RH_DorsAttnA_SPL_4,-0.186966196558203,fALFF,cortex,RH-DorsAttnA-SPL-4,17Networks_RH_DorsAttnA_SPL_4,0.186966196558203,cortex-RH-DorsAttnA-SPL-4
51,zfALFF_17Networks_RH_SalVentAttnA_ParMed_4,-0.18637459450539,fALFF,cortex,RH-SalVentAttnA-ParMed-4,17Networks_RH_SalVentAttnA_ParMed_4,0.18637459450539,cortex-RH-SalVentAttnA-ParMed-4
119,zfALFF_17Networks_LH_SomMotB_Aud_4,0.186123586694716,fALFF,cortex,LH-SomMotB-Aud-4,17Networks_LH_SomMotB_Aud_4,0.186123586694716,cortex-LH-SomMotB-Aud-4
181,zDCwei_17Networks_LH_SalVentAttnA_ParOper_1,-0.184510376707105,DC,cortex,LH-SalVentAttnA-ParOper-1,17Networks_LH_SalVentAttnA_ParOper_1,0.184510376707105,cortex-LH-SalVentAttnA-ParOper-1
173,zDCwei_17Networks_RH_SomMotA_7,-0.184127582318147,DC,cortex,RH-SomMotA-7,17Networks_RH_SomMotA_7,0.184127582318147,cortex-RH-SomMotA-7
176,zDCwei_17Networks_LH_DefaultB_Temp_5,-0.18348592044813,DC,cortex,LH-DefaultB-Temp-5,17Networks_LH_DefaultB_Temp_5,0.18348592044813,cortex-LH-DefaultB-Temp-5
161,zDCwei_17Networks_RH_TempPar_5,-0.183177732574777,DC,cortex,RH-TempPar-5,17Networks_RH_TempPar_5,0.183177732574777,cortex-RH-TempPar-5
10,zfALFF_mPFtha_L,0.182613800359719,fALFF,subcortex,mPFtha-L,mPFtha_L,0.182613800359719,subcortex-mPFtha-L
1,zfALFF_17Networks_2,0.182354887856762,fALFF,cerebellum,Network-2,Network_2,0.182354887856762,cerebellum-Network-2
90,zfALFF_17Networks_LH_DefaultB_IPL_1,-0.182153081839285,fALFF,cortex,LH-DefaultB-IPL-1,17Networks_LH_DefaultB_IPL_1,0.182153081839285,cortex-LH-DefaultB-IPL-1
3,zfALFF_cTtha_L,0.182096776868227,fALFF,subcortex,cTtha-L,cTtha_L,0.182096776868227,subcortex-cTtha-L
71,zfALFF_17Networks_RH_DorsAttnA_TempOcc_3,-0.181729381286302,fALFF,cortex,RH-DorsAttnA-TempOcc-3,17Networks_RH_DorsAttnA_TempOcc_3,0.181729381286302,cortex-RH-DorsAttnA-TempOcc-3
