parc_name,parcel_name,gmd_sws_rs_fdr,zALFF_sws_rs_fdr,zDCbin_sws_rs_fdr,zDCwei_sws_rs_fdr,zfALFF_sws_rs_fdr,zReHo_sws_rs_fdr,sws_rs
17Networks_15,zReHo_17Networks_15,,,,,,0.01752400297832,0.01752400297832
17Networks_11,zReHo_17Networks_11zfALFF_17Networks_11zDCwei_17Networks_11zDCbin_17Networks_11,0,0,0.028364375431148,0.024345739320034,0.029929561754879,0.016879792296413,0.099519468802474
17Networks_9,zReHo_17Networks_9zfALFF_17Networks_9zDCwei_17Networks_9zDCbin_17Networks_9,0,0,0.034696386799194,0.026202266369916,0.024831920987231,0.024345739320034,0.110076313476375
17Networks_7,zReHo_17Networks_7,,,,,,0.03974501423636,0.03974501423636
17Networks_5,zReHo_17Networks_5zfALFF_17Networks_5zDCwei_17Networks_5,0,0,0,0.049274538265003,0.03960872394604,0.043626187260898,0.132509449471941
17Networks_2,zReHo_17Networks_2zfALFF_17Networks_2,0,0,0,0,0.033329861043242,0.023079353970657,0.056409215013899
17Networks_8,zfALFF_17Networks_8,,,,,0.048707177961764,,0.048707177961764
17Networks_1,zALFF_17Networks_1,,0.008404457243249,,,,,0.008404457243249
lPFtha_L,zReHo_lPFtha_LzDCwei_lPFtha_LzDCbin_lPFtha_L,0,0,0.036936184205192,0.028613691000762,0,0.024831920987231,0.090381796193185
Otha_L,zReHo_Otha_L,,,,,,0.040996408167613,0.040996408167613
Stha_R,zReHo_Stha_R,,,,,,0.033718800311398,0.033718800311398
Stha_L,zReHo_Stha_Lgmd_Stha_L,0.046858958780776,0,0,0,0,0.029929561754879,0.076788520535655
mPMtha_R,zReHo_mPMtha_R,,,,,,0.028484448419602,0.028484448419602
mPMtha_L,zReHo_mPMtha_LzDCwei_mPMtha_LzDCbin_mPMtha_L,0,0,0.024345739320034,0.024962800043355,0,0.03014669746383,0.079455236827219
mPFtha_R,zReHo_mPFtha_R,,,,,,0.048908673805351,0.048908673805351
mPFtha_L,zReHo_mPFtha_L,,,,,,0.026486006723466,0.026486006723466
cHipp_L,zReHo_cHipp_LzfALFF_cHipp_L,0,0,0,0,0.007178888636167,0.015503357870653,0.02268224650682
mAmyg_L,zReHo_mAmyg_LzfALFF_mAmyg_L,0,0,0,0,0.007178888636167,0.032276689891745,0.039455578527912
17Networks_RH_DefaultA_PFCm_5,zReHo_17Networks_RH_DefaultA_PFCm_5,,,,,,0.04909903218292,0.04909903218292
17Networks_RH_SomMotB_S2_3,zReHo_17Networks_RH_SomMotB_S2_3zfALFF_17Networks_RH_SomMotB_S2_3zDCwei_17Networks_RH_SomMotB_S2_3zDCbin_17Networks_RH_SomMotB_S2_3,0,0,0.024345739320034,0.030358802440932,0.034331509351,0.048854363747499,0.137890414859465
17Networks_RH_SomMotA_17,zReHo_17Networks_RH_SomMotA_17,,,,,,0.034331509351,0.034331509351
17Networks_RH_SomMotA_9,zReHo_17Networks_RH_SomMotA_9zfALFF_17Networks_RH_SomMotA_9zALFF_17Networks_RH_SomMotA_9zDCwei_17Networks_RH_SomMotA_9zDCbin_17Networks_RH_SomMotA_9,0,0.040231940452823,0.035281667812391,0.042655119264725,0.03014669746383,0.026411208720006,0.174726633713775
17Networks_LH_TempPar_1,zReHo_17Networks_LH_TempPar_1,,,,,,0.045124114568169,0.045124114568169
17Networks_LH_ContA_IPS_2,zReHo_17Networks_LH_ContA_IPS_2,,,,,,0.029929561754879,0.029929561754879
17Networks_LH_SomMotA_15,zReHo_17Networks_LH_SomMotA_15,,,,,,0.048635115642327,0.048635115642327
17Networks_LH_SomMotA_8,zReHo_17Networks_LH_SomMotA_8zALFF_17Networks_LH_SomMotA_8,0,0.030358802440932,0,0,0,0.040018663363571,0.070377465804503
17Networks_LH_SomMotA_5,zReHo_17Networks_LH_SomMotA_5,,,,,,0.015864959883771,0.015864959883771
17Networks_LH_VisCent_Striate_1,zReHo_17Networks_LH_VisCent_Striate_1,,,,,,0.041923420074786,0.041923420074786
17Networks_LH_VisCent_ExStr_6,zReHo_17Networks_LH_VisCent_ExStr_6,,,,,,0.048635115642327,0.048635115642327
17Networks_LH_VisCent_ExStr_5,zReHo_17Networks_LH_VisCent_ExStr_5,,,,,,0.019050352119087,0.019050352119087
dlPu_L,gmd_dlPu_LzDCwei_dlPu_LzDCbin_dlPu_L,0.034696386799194,0,0.048707177961764,0.033528336988779,0,0,0.116931901749737
17Networks_RH_DefaultA_pCunPCC_5,gmd_17Networks_RH_DefaultA_pCunPCC_5,0.035875785426107,,,,,,0.035875785426107
17Networks_RH_ContB_IPL_1,gmd_17Networks_RH_ContB_IPL_1zfALFF_17Networks_RH_ContB_IPL_1,0.038744994339704,0,0,0,0.018584875061993,0,0.057329869401697
17Networks_RH_ContA_IPS_2,gmd_17Networks_RH_ContA_IPS_2zfALFF_17Networks_RH_ContA_IPS_2,0.028364375431148,0,0,0,0.01093011094579,0,0.039294486376938
17Networks_RH_SomMotA_10,gmd_17Networks_RH_SomMotA_10zfALFF_17Networks_RH_SomMotA_10,0.028508110230768,0,0,0,0.048635115642327,0,0.077143225873095
17Networks_RH_SomMotA_7,gmd_17Networks_RH_SomMotA_7zfALFF_17Networks_RH_SomMotA_7zDCwei_17Networks_RH_SomMotA_7zDCbin_17Networks_RH_SomMotA_7,0.016427435173405,0,0.035281667812391,0.030358802440932,0.03014669746383,0,0.112214602890558
17Networks_RH_SomMotA_6,gmd_17Networks_RH_SomMotA_6zfALFF_17Networks_RH_SomMotA_6zDCwei_17Networks_RH_SomMotA_6zDCbin_17Networks_RH_SomMotA_6,0.043378080487068,0,0.046952526094726,0.048707177961764,0.01927571128491,0,0.158313495828468
17Networks_RH_SomMotA_4,gmd_17Networks_RH_SomMotA_4zfALFF_17Networks_RH_SomMotA_4,0.041579685322517,0,0,0,0.014233440272412,0,0.055813125594929
17Networks_RH_VisCent_ExStr_9,gmd_17Networks_RH_VisCent_ExStr_9,0.041579685322517,,,,,,0.041579685322517
17Networks_RH_VisCent_ExStr_8,gmd_17Networks_RH_VisCent_ExStr_8,0.017007857727203,,,,,,0.017007857727203
17Networks_RH_VisCent_ExStr_7,gmd_17Networks_RH_VisCent_ExStr_7,0.046952526094726,,,,,,0.046952526094726
17Networks_LH_ContA_IPS_5,gmd_17Networks_LH_ContA_IPS_5zALFF_17Networks_LH_ContA_IPS_5,0.034696386799194,0.048854363747499,0,0,0,0,0.083550750546693
17Networks_LH_LimbicB_OFC_1,gmd_17Networks_LH_LimbicB_OFC_1,0.041923420074786,,,,,,0.041923420074786
17Networks_LH_SomMotA_16,gmd_17Networks_LH_SomMotA_16,0.043378080487068,,,,,,0.043378080487068
dlPu_R,zfALFF_dlPu_R,,,,,0.048854363747499,,0.048854363747499
dCa_R,zfALFF_dCa_R,,,,,0.029929561754879,,0.029929561754879
rHipp_L,zfALFF_rHipp_L,,,,,0.005720518284509,,0.005720518284509
mAmyg_R,zfALFF_mAmyg_RzDCwei_mAmyg_R,0,0,0,0.048635115642327,0.024345739320034,0,0.072980854962361
Otha_R,zALFF_Otha_R,,0.049393518081599,,,,,0.049393518081599
PPtha_R,zALFF_PPtha_R,,0.024345739320034,,,,,0.024345739320034
dCa_L,zALFF_dCa_L,,0.035265334996474,,,,,0.035265334996474
vCa_R,zALFF_vCa_R,,0.046572169949058,,,,,0.046572169949058
17Networks_RH_TempPar_7,zfALFF_17Networks_RH_TempPar_7zALFF_17Networks_RH_TempPar_7,0,0.046056698863517,0,0,0.040018663363571,0,0.086075362227088
17Networks_RH_TempPar_4,zfALFF_17Networks_RH_TempPar_4zALFF_17Networks_RH_TempPar_4zDCwei_17Networks_RH_TempPar_4zDCbin_17Networks_RH_TempPar_4,0,0.005720518284509,0.014233440272412,0.017237477519997,0.044932991479174,0,0.082124427556092
17Networks_RH_TempPar_3,zfALFF_17Networks_RH_TempPar_3zALFF_17Networks_RH_TempPar_3,0,0.0331215921649,0,0,0.03960872394604,0,0.07273031611094
17Networks_RH_DefaultC_IPL_1,zfALFF_17Networks_RH_DefaultC_IPL_1zALFF_17Networks_RH_DefaultC_IPL_1,0,0.010868744651051,0,0,0.032013902622317,0,0.042882647273368
17Networks_RH_DefaultB_PFCv_3,zfALFF_17Networks_RH_DefaultB_PFCv_3zALFF_17Networks_RH_DefaultB_PFCv_3,0,0.041158862453218,0,0,0.019983300926326,0,0.061142163379544
17Networks_RH_DefaultB_PFCv_2,zfALFF_17Networks_RH_DefaultB_PFCv_2,,,,,0.040018663363571,,0.040018663363571
17Networks_RH_DefaultB_PFCd_3,zfALFF_17Networks_RH_DefaultB_PFCd_3,,,,,0.021757642453837,,0.021757642453837
17Networks_RH_DefaultB_Temp_2,zfALFF_17Networks_RH_DefaultB_Temp_2zALFF_17Networks_RH_DefaultB_Temp_2,0,0.017665325921216,0,0,0.043378080487068,0,0.061043406408284
17Networks_RH_DefaultB_Temp_1,zfALFF_17Networks_RH_DefaultB_Temp_1zALFF_17Networks_RH_DefaultB_Temp_1,0,0.018486752423658,0,0,0.00991687752167,0,0.028403629945328
17Networks_RH_DefaultA_PFCm_4,zfALFF_17Networks_RH_DefaultA_PFCm_4,,,,,0.034500461472262,,0.034500461472262
17Networks_RH_DefaultA_PFCd_2,zfALFF_17Networks_RH_DefaultA_PFCd_2,,,,,0.02872848514665,,0.02872848514665
17Networks_RH_DefaultA_PFCd_1,zfALFF_17Networks_RH_DefaultA_PFCd_1,,,,,0.006126253442846,,0.006126253442846
17Networks_RH_DefaultA_IPL_1,zfALFF_17Networks_RH_DefaultA_IPL_1,,,,,0.024345739320034,,0.024345739320034
17Networks_RH_ContC_Cingp_2,zfALFF_17Networks_RH_ContC_Cingp_2,,,,,0.045615820524807,,0.045615820524807
17Networks_RH_ContC_Cingp_1,zfALFF_17Networks_RH_ContC_Cingp_1,,,,,0.030358802440932,,0.030358802440932
17Networks_RH_ContB_PFCmp_1,zfALFF_17Networks_RH_ContB_PFCmp_1,,,,,0.01093011094579,,0.01093011094579
17Networks_RH_ContB_PFClv_4,zfALFF_17Networks_RH_ContB_PFClv_4,,,,,0.03014669746383,,0.03014669746383
17Networks_RH_ContB_PFCld_3,zfALFF_17Networks_RH_ContB_PFCld_3,,,,,0.007178888636167,,0.007178888636167
17Networks_RH_ContB_PFCld_2,zfALFF_17Networks_RH_ContB_PFCld_2,,,,,0.019741835438349,,0.019741835438349
17Networks_RH_ContB_PFCld_1,zfALFF_17Networks_RH_ContB_PFCld_1,,,,,0.010475584100582,,0.010475584100582
17Networks_RH_ContB_IPL_3,zfALFF_17Networks_RH_ContB_IPL_3,,,,,0.010239142182882,,0.010239142182882
17Networks_RH_ContB_IPL_2,zfALFF_17Networks_RH_ContB_IPL_2,,,,,0.043626187260898,,0.043626187260898
17Networks_RH_ContB_Temp_2,zfALFF_17Networks_RH_ContB_Temp_2,,,,,0.021757642453837,,0.021757642453837
17Networks_RH_ContB_Temp_1,zfALFF_17Networks_RH_ContB_Temp_1,,,,,0.04909903218292,,0.04909903218292
17Networks_RH_ContA_Cingm_1,zfALFF_17Networks_RH_ContA_Cingm_1,,,,,0.024962800043355,,0.024962800043355
17Networks_RH_ContA_PFCl_5,zfALFF_17Networks_RH_ContA_PFCl_5zALFF_17Networks_RH_ContA_PFCl_5zDCwei_17Networks_RH_ContA_PFCl_5zDCbin_17Networks_RH_ContA_PFCl_5,0,0.014233440272412,0.014564836062952,0.01752400297832,0.005722793697324,0,0.052045073011008
17Networks_RH_ContA_PFCl_4,zfALFF_17Networks_RH_ContA_PFCl_4zALFF_17Networks_RH_ContA_PFCl_4zDCwei_17Networks_RH_ContA_PFCl_4zDCbin_17Networks_RH_ContA_PFCl_4,0,0.01067433583144,0.032276689891745,0.036901446745152,0.005720518284509,0,0.085572990752846
17Networks_RH_ContA_PFCl_3,zfALFF_17Networks_RH_ContA_PFCl_3,,,,,0.007178888636167,,0.007178888636167
17Networks_RH_ContA_PFCl_2,zfALFF_17Networks_RH_ContA_PFCl_2,,,,,0.005722793697324,,0.005722793697324
17Networks_RH_ContA_PFCl_1,zfALFF_17Networks_RH_ContA_PFCl_1,,,,,0.005399755729516,,0.005399755729516
17Networks_RH_ContA_PFCd_1,zfALFF_17Networks_RH_ContA_PFCd_1,,,,,0.013148577284501,,0.013148577284501
17Networks_RH_ContA_IPS_4,zfALFF_17Networks_RH_ContA_IPS_4,,,,,0.007682849559186,,0.007682849559186
17Networks_RH_ContA_IPS_3,zfALFF_17Networks_RH_ContA_IPS_3zDCbin_17Networks_RH_ContA_IPS_3,0,0,0.040996408167613,0,0.014233440272412,0,0.055229848440025
17Networks_RH_ContA_IPS_1,zfALFF_17Networks_RH_ContA_IPS_1,,,,,0.045170297387249,,0.045170297387249
17Networks_RH_SalVentAttnB_PFCmp_2,zfALFF_17Networks_RH_SalVentAttnB_PFCmp_2,,,,,0.007682849559186,,0.007682849559186
17Networks_RH_SalVentAttnB_PFCmp_1,zfALFF_17Networks_RH_SalVentAttnB_PFCmp_1,,,,,0.008404457243249,,0.008404457243249
17Networks_RH_SalVentAttnB_PFCl_3,zfALFF_17Networks_RH_SalVentAttnB_PFCl_3,,,,,0.043626187260898,,0.043626187260898
17Networks_RH_SalVentAttnB_PFCl_2,zfALFF_17Networks_RH_SalVentAttnB_PFCl_2zDCwei_17Networks_RH_SalVentAttnB_PFCl_2zDCbin_17Networks_RH_SalVentAttnB_PFCl_2,0,0,0.035281667812391,0.043626187260898,0.014233440272412,0,0.093141295345701
17Networks_RH_SalVentAttnB_PFCl_1,zfALFF_17Networks_RH_SalVentAttnB_PFCl_1,,,,,0.005720518284509,,0.005720518284509
17Networks_RH_SalVentAttnB_PFClv_1,zfALFF_17Networks_RH_SalVentAttnB_PFClv_1zDCwei_17Networks_RH_SalVentAttnB_PFClv_1zDCbin_17Networks_RH_SalVentAttnB_PFClv_1,0,0,0.032276689891745,0.046410535140261,0.005720518284509,0,0.084407743316515
17Networks_RH_SalVentAttnA_FrMed_3,zfALFF_17Networks_RH_SalVentAttnA_FrMed_3,,,,,0.015503357870653,,0.015503357870653
17Networks_RH_SalVentAttnA_ParMed_4,zfALFF_17Networks_RH_SalVentAttnA_ParMed_4zDCwei_17Networks_RH_SalVentAttnA_ParMed_4zDCbin_17Networks_RH_SalVentAttnA_ParMed_4,0,0,0.048635115642327,0.041579685322517,0.04909903218292,0,0.139313833147764
17Networks_RH_SalVentAttnA_ParMed_3,zfALFF_17Networks_RH_SalVentAttnA_ParMed_3,,,,,0.016427435173405,,0.016427435173405
17Networks_RH_SalVentAttnA_FrMed_2,zfALFF_17Networks_RH_SalVentAttnA_FrMed_2,,,,,0.010475584100582,,0.010475584100582
17Networks_RH_SalVentAttnA_ParMed_2,zfALFF_17Networks_RH_SalVentAttnA_ParMed_2zDCwei_17Networks_RH_SalVentAttnA_ParMed_2zDCbin_17Networks_RH_SalVentAttnA_ParMed_2,0,0,0.033605547463209,0.028244266318313,0.010475584100582,0,0.072325397882104
17Networks_RH_SalVentAttnA_FrMed_1,zfALFF_17Networks_RH_SalVentAttnA_FrMed_1zDCwei_17Networks_RH_SalVentAttnA_FrMed_1,0,0,0,0.042033018633521,0.01093011094579,0,0.052963129579311
17Networks_RH_SalVentAttnA_FrOper_3,zfALFF_17Networks_RH_SalVentAttnA_FrOper_3,,,,,0.014233440272412,,0.014233440272412
17Networks_RH_SalVentAttnA_FrOper_2,zfALFF_17Networks_RH_SalVentAttnA_FrOper_2zALFF_17Networks_RH_SalVentAttnA_FrOper_2,0,0.048707177961764,0,0,0.028484448419602,0,0.077191626381366
17Networks_RH_SalVentAttnA_FrOper_1,zfALFF_17Networks_RH_SalVentAttnA_FrOper_1,,,,,0.014564836062952,,0.014564836062952
17Networks_RH_SalVentAttnA_PrC_1,zfALFF_17Networks_RH_SalVentAttnA_PrC_1zALFF_17Networks_RH_SalVentAttnA_PrC_1,0,0.029929561754879,0,0,0.014233440272412,0,0.044163002027291
17Networks_RH_SalVentAttnA_ParOper_3,zfALFF_17Networks_RH_SalVentAttnA_ParOper_3,,,,,0.007178888636167,,0.007178888636167
17Networks_RH_SalVentAttnA_ParOper_2,zfALFF_17Networks_RH_SalVentAttnA_ParOper_2zALFF_17Networks_RH_SalVentAttnA_ParOper_2,0,0.014233440272412,0,0,0.03014669746383,0,0.044380137736242
17Networks_RH_DorsAttnB_FEF_3,zfALFF_17Networks_RH_DorsAttnB_FEF_3zDCwei_17Networks_RH_DorsAttnB_FEF_3zDCbin_17Networks_RH_DorsAttnB_FEF_3,0,0,0.028471716434776,0.03020921907371,0.014233440272412,0,0.072914375780898
17Networks_RH_DorsAttnB_FEF_2,zfALFF_17Networks_RH_DorsAttnB_FEF_2,,,,,0.013410007437357,,0.013410007437357
17Networks_RH_DorsAttnB_FEF_1,zfALFF_17Networks_RH_DorsAttnB_FEF_1zDCwei_17Networks_RH_DorsAttnB_FEF_1zDCbin_17Networks_RH_DorsAttnB_FEF_1,0,0,0.038744994339704,0.048707177961764,0.01093011094579,0,0.098382283247258
17Networks_RH_DorsAttnB_PostC_5,zfALFF_17Networks_RH_DorsAttnB_PostC_5zDCwei_17Networks_RH_DorsAttnB_PostC_5zDCbin_17Networks_RH_DorsAttnB_PostC_5,0,0,0.021920125886754,0.028364375431148,0.014233440272412,0,0.064517941590314
17Networks_RH_DorsAttnB_PostC_4,zfALFF_17Networks_RH_DorsAttnB_PostC_4,,,,,0.007178888636167,,0.007178888636167
17Networks_RH_DorsAttnB_PostC_3,zfALFF_17Networks_RH_DorsAttnB_PostC_3zALFF_17Networks_RH_DorsAttnB_PostC_3,0,0.048707177961764,0,0,0.007178888636167,0,0.055886066597931
17Networks_RH_DorsAttnB_PostC_2,zfALFF_17Networks_RH_DorsAttnB_PostC_2zALFF_17Networks_RH_DorsAttnB_PostC_2,0,0.008439495818958,0,0,0.005722793697324,0,0.014162289516282
17Networks_RH_DorsAttnB_PostC_1,zfALFF_17Networks_RH_DorsAttnB_PostC_1zDCbin_17Networks_RH_DorsAttnB_PostC_1,0,0,0.048707177961764,0,0.007682849559186,0,0.05639002752095
17Networks_RH_DorsAttnA_SPL_4,zfALFF_17Networks_RH_DorsAttnA_SPL_4,,,,,0.04909903218292,,0.04909903218292
17Networks_RH_DorsAttnA_SPL_1,zfALFF_17Networks_RH_DorsAttnA_SPL_1,,,,,0.029929561754879,,0.029929561754879
17Networks_RH_DorsAttnA_ParOcc_2,zfALFF_17Networks_RH_DorsAttnA_ParOcc_2zALFF_17Networks_RH_DorsAttnA_ParOcc_2zDCbin_17Networks_RH_DorsAttnA_ParOcc_2,0,0.024831920987231,0.048707177961764,0,0.048707177961764,0,0.122246276910759
17Networks_RH_SomMotB_Cent_3,zfALFF_17Networks_RH_SomMotB_Cent_3zALFF_17Networks_RH_SomMotB_Cent_3,0,0.028508110230768,0,0,0.008552959155864,0,0.037061069386632
17Networks_RH_SomMotB_Cent_2,zfALFF_17Networks_RH_SomMotB_Cent_2zALFF_17Networks_RH_SomMotB_Cent_2,0,0.017829233099212,0,0,0.006672819559332,0,0.024502052658544
17Networks_RH_SomMotB_Cent_1,zfALFF_17Networks_RH_SomMotB_Cent_1zALFF_17Networks_RH_SomMotB_Cent_1zDCwei_17Networks_RH_SomMotB_Cent_1zDCbin_17Networks_RH_SomMotB_Cent_1,0,0.029929561754879,0.037655970143253,0.028892352537024,0.015465245551669,0,0.111943129986825
17Networks_RH_SomMotB_S2_8,zfALFF_17Networks_RH_SomMotB_S2_8,,,,,0.024735101292177,,0.024735101292177
17Networks_RH_SomMotB_S2_7,zfALFF_17Networks_RH_SomMotB_S2_7zDCbin_17Networks_RH_SomMotB_S2_7,0,0,0.035281667812391,0,0.045124114568169,0,0.08040578238056
17Networks_RH_SomMotB_S2_6,zfALFF_17Networks_RH_SomMotB_S2_6zALFF_17Networks_RH_SomMotB_S2_6zDCwei_17Networks_RH_SomMotB_S2_6zDCbin_17Networks_RH_SomMotB_S2_6,0,0.010475584100582,0.030358802440932,0.043626187260898,0.00241216739247,0,0.086872741194882
17Networks_RH_SomMotB_S2_5,zfALFF_17Networks_RH_SomMotB_S2_5zALFF_17Networks_RH_SomMotB_S2_5,0,0.044448010809187,0,0,0.010703064892678,0,0.055151075701865
17Networks_RH_SomMotB_S2_4,zfALFF_17Networks_RH_SomMotB_S2_4zDCbin_17Networks_RH_SomMotB_S2_4,0,0,0.04163548949506,0,0.033187493037735,0,0.074822982532795
17Networks_RH_SomMotB_Aud_3,zfALFF_17Networks_RH_SomMotB_Aud_3zALFF_17Networks_RH_SomMotB_Aud_3,0,0.014233440272412,0,0,0.035281667812391,0,0.049515108084803
17Networks_RH_SomMotB_S2_2,zfALFF_17Networks_RH_SomMotB_S2_2zDCwei_17Networks_RH_SomMotB_S2_2zDCbin_17Networks_RH_SomMotB_S2_2,0,0,0.017829233099212,0.021923137740338,0.03960872394604,0,0.07936109478559
17Networks_RH_SomMotB_S2_1,zfALFF_17Networks_RH_SomMotB_S2_1zALFF_17Networks_RH_SomMotB_S2_1zDCwei_17Networks_RH_SomMotB_S2_1zDCbin_17Networks_RH_SomMotB_S2_1,0,0.015838976951466,0.024345739320034,0.014564836062952,0.00241216739247,0,0.057161719726922
17Networks_RH_SomMotB_Ins_1,zfALFF_17Networks_RH_SomMotB_Ins_1zALFF_17Networks_RH_SomMotB_Ins_1,0,0.010475584100582,0,0,0.029929561754879,0,0.040405145855461
17Networks_RH_SomMotA_14,zfALFF_17Networks_RH_SomMotA_14zALFF_17Networks_RH_SomMotA_14,0,0.010239142182882,0,0,0.035875785426107,0,0.046114927608989
17Networks_RH_SomMotA_12,zfALFF_17Networks_RH_SomMotA_12,,,,,0.014564836062952,,0.014564836062952
17Networks_RH_SomMotA_5,zfALFF_17Networks_RH_SomMotA_5,,,,,0.048707177961764,,0.048707177961764
17Networks_RH_SomMotA_3,zfALFF_17Networks_RH_SomMotA_3,,,,,0.019741835438349,,0.019741835438349
17Networks_RH_SomMotA_2,zfALFF_17Networks_RH_SomMotA_2zALFF_17Networks_RH_SomMotA_2,0,0.030358802440932,0,0,0.006126253442846,0,0.036485055883778
17Networks_RH_SomMotA_1,zfALFF_17Networks_RH_SomMotA_1,,,,,0.010239142182882,,0.010239142182882
17Networks_LH_DefaultC_PHC_1,zfALFF_17Networks_LH_DefaultC_PHC_1,,,,,0.042459744648087,,0.042459744648087
17Networks_LH_DefaultB_PFCd_1,zfALFF_17Networks_LH_DefaultB_PFCd_1,,,,,0.015864959883771,,0.015864959883771
17Networks_LH_DefaultB_IPL_1,zfALFF_17Networks_LH_DefaultB_IPL_1,,,,,0.044448010809187,,0.044448010809187
17Networks_LH_DefaultB_Temp_1,zfALFF_17Networks_LH_DefaultB_Temp_1,,,,,0.028508110230768,,0.028508110230768
17Networks_LH_DefaultA_PFCm_6,zfALFF_17Networks_LH_DefaultA_PFCm_6,,,,,0.023749223048323,,0.023749223048323
17Networks_LH_DefaultA_PFCm_3,zfALFF_17Networks_LH_DefaultA_PFCm_3,,,,,0.041203138493178,,0.041203138493178
17Networks_LH_DefaultA_PFCd_1,zfALFF_17Networks_LH_DefaultA_PFCd_1,,,,,0.014564836062952,,0.014564836062952
17Networks_LH_ContB_PFCmp_1,zfALFF_17Networks_LH_ContB_PFCmp_1,,,,,0.024345739320034,,0.024345739320034
17Networks_LH_ContB_PFClv_3,zfALFF_17Networks_LH_ContB_PFClv_3,,,,,0.029966338461414,,0.029966338461414
17Networks_LH_ContB_PFClv_2,zfALFF_17Networks_LH_ContB_PFClv_2,,,,,0.030358802440932,,0.030358802440932
17Networks_LH_ContA_PFCl_3,zfALFF_17Networks_LH_ContA_PFCl_3,,,,,0.037716748562454,,0.037716748562454
17Networks_LH_ContA_IPS_1,zfALFF_17Networks_LH_ContA_IPS_1,,,,,0.035622321478708,,0.035622321478708
17Networks_LH_LimbicA_TempPole_6,zfALFF_17Networks_LH_LimbicA_TempPole_6,,,,,0.007178888636167,,0.007178888636167
17Networks_LH_LimbicA_TempPole_5,zfALFF_17Networks_LH_LimbicA_TempPole_5,,,,,0.030358802440932,,0.030358802440932
17Networks_LH_LimbicA_TempPole_3,zfALFF_17Networks_LH_LimbicA_TempPole_3,,,,,0.046952526094726,,0.046952526094726
17Networks_LH_LimbicA_TempPole_2,zfALFF_17Networks_LH_LimbicA_TempPole_2,,,,,0.015864959883771,,0.015864959883771
17Networks_LH_LimbicA_TempPole_1,zfALFF_17Networks_LH_LimbicA_TempPole_1,,,,,0.027339154916707,,0.027339154916707
17Networks_LH_SalVentAttnB_PFCmp_1,zfALFF_17Networks_LH_SalVentAttnB_PFCmp_1zDCwei_17Networks_LH_SalVentAttnB_PFCmp_1zDCbin_17Networks_LH_SalVentAttnB_PFCmp_1,0,0,0.041923420074786,0.048698122387618,0.023713814552574,0,0.114335357014978
17Networks_LH_SalVentAttnB_PFCl_1,zfALFF_17Networks_LH_SalVentAttnB_PFCl_1,,,,,0.028508110230768,,0.028508110230768
17Networks_LH_SalVentAttnA_FrMed_2,zfALFF_17Networks_LH_SalVentAttnA_FrMed_2zDCwei_17Networks_LH_SalVentAttnA_FrMed_2,0,0,0,0.048731299514135,0.01067433583144,0,0.059405635345575
17Networks_LH_SalVentAttnA_Ins_1,zfALFF_17Networks_LH_SalVentAttnA_Ins_1,,,,,0.00364968431614,,0.00364968431614
17Networks_LH_DorsAttnB_PostC_5,zfALFF_17Networks_LH_DorsAttnB_PostC_5,,,,,0.040231940452823,,0.040231940452823
17Networks_LH_DorsAttnB_PostC_2,zfALFF_17Networks_LH_DorsAttnB_PostC_2,,,,,0.023518087658853,,0.023518087658853
17Networks_LH_DorsAttnA_SPL_3,zfALFF_17Networks_LH_DorsAttnA_SPL_3,,,,,0.036450365417829,,0.036450365417829
17Networks_LH_SomMotB_Cent_3,zfALFF_17Networks_LH_SomMotB_Cent_3,,,,,0.024345739320034,,0.024345739320034
17Networks_LH_SomMotB_Aud_4,zfALFF_17Networks_LH_SomMotB_Aud_4,,,,,0.035281667812391,,0.035281667812391
17Networks_LH_SomMotB_Aud_3,zfALFF_17Networks_LH_SomMotB_Aud_3,,,,,0.030358802440932,,0.030358802440932
17Networks_LH_SomMotB_S2_2,zfALFF_17Networks_LH_SomMotB_S2_2,,,,,0.048707177961764,,0.048707177961764
17Networks_LH_SomMotB_Ins_1,zfALFF_17Networks_LH_SomMotB_Ins_1,,,,,0.044932991479174,,0.044932991479174
17Networks_LH_SomMotB_Aud_1,zfALFF_17Networks_LH_SomMotB_Aud_1,,,,,0.007178888636167,,0.007178888636167
17Networks_RH_TempPar_6,zALFF_17Networks_RH_TempPar_6,,0.04757174490563,,,,,0.04757174490563
17Networks_RH_TempPar_5,zALFF_17Networks_RH_TempPar_5,,0.013410007437357,,,,,0.013410007437357
17Networks_RH_TempPar_2,zALFF_17Networks_RH_TempPar_2,,0.048707177961764,,,,,0.048707177961764
17Networks_RH_DefaultB_PFCd_4,zALFF_17Networks_RH_DefaultB_PFCd_4,,0.048707177961764,,,,,0.048707177961764
17Networks_RH_DefaultB_PFCd_2,zALFF_17Networks_RH_DefaultB_PFCd_2,,0.014604266540864,,,,,0.014604266540864
17Networks_RH_DefaultA_pCunPCC_2,zALFF_17Networks_RH_DefaultA_pCunPCC_2,,0.048707177961764,,,,,0.048707177961764
17Networks_RH_ContC_pCun_3,zALFF_17Networks_RH_ContC_pCun_3,,0.028244266318313,,,,,0.028244266318313
17Networks_RH_SalVentAttnA_Ins_4,zALFF_17Networks_RH_SalVentAttnA_Ins_4,,0.026290547316107,,,,,0.026290547316107
17Networks_RH_SalVentAttnA_Ins_2,zALFF_17Networks_RH_SalVentAttnA_Ins_2,,0.014511638718519,,,,,0.014511638718519
17Networks_RH_SalVentAttnA_ParOper_1,zALFF_17Networks_RH_SalVentAttnA_ParOper_1zDCwei_17Networks_RH_SalVentAttnA_ParOper_1zDCbin_17Networks_RH_SalVentAttnA_ParOper_1,0,0.01449884910896,0.007178888636167,0.008439495818958,0,0,0.030117233564085
17Networks_RH_DorsAttnB_PostC_6,zALFF_17Networks_RH_DorsAttnB_PostC_6,,0.04909903218292,,,,,0.04909903218292
17Networks_RH_DorsAttnA_ParOcc_1,zALFF_17Networks_RH_DorsAttnA_ParOcc_1,,0.040018663363571,,,,,0.040018663363571
17Networks_RH_DorsAttnA_TempOcc_1,zALFF_17Networks_RH_DorsAttnA_TempOcc_1zDCwei_17Networks_RH_DorsAttnA_TempOcc_1zDCbin_17Networks_RH_DorsAttnA_TempOcc_1,0,0.007178888636167,0.014564836062952,0.02099913662271,0,0,0.042742861321829
17Networks_RH_SomMotB_Aud_2,zALFF_17Networks_RH_SomMotB_Aud_2,,0.041322339406613,,,,,0.041322339406613
17Networks_RH_SomMotB_Aud_1,zALFF_17Networks_RH_SomMotB_Aud_1,,0.030932698048684,,,,,0.030932698048684
17Networks_RH_SomMotA_16,zALFF_17Networks_RH_SomMotA_16,,0.048707177961764,,,,,0.048707177961764
17Networks_RH_VisPeri_ExStrInf_2,zALFF_17Networks_RH_VisPeri_ExStrInf_2,,0.048635115642327,,,,,0.048635115642327
17Networks_RH_VisPeri_ExStrInf_1,zALFF_17Networks_RH_VisPeri_ExStrInf_1,,0.029090427876464,,,,,0.029090427876464
17Networks_RH_VisCent_ExStr_1,zALFF_17Networks_RH_VisCent_ExStr_1,,0.015465245551669,,,,,0.015465245551669
17Networks_LH_DefaultB_PFCv_4,zALFF_17Networks_LH_DefaultB_PFCv_4,,0.030358802440932,,,,,0.030358802440932
17Networks_LH_DefaultB_PFCd_4,zALFF_17Networks_LH_DefaultB_PFCd_4,,0.045108921403333,,,,,0.045108921403333
17Networks_LH_DefaultB_PFCd_3,zALFF_17Networks_LH_DefaultB_PFCd_3,,0.048908673805351,,,,,0.048908673805351
17Networks_LH_ContC_Cingp_2,zALFF_17Networks_LH_ContC_Cingp_2,,0.048908673805351,,,,,0.048908673805351
17Networks_LH_ContC_pCun_3,zALFF_17Networks_LH_ContC_pCun_3,,0.048635115642327,,,,,0.048635115642327
17Networks_LH_ContA_IPS_4,zALFF_17Networks_LH_ContA_IPS_4,,0.048707177961764,,,,,0.048707177961764
17Networks_LH_LimbicA_TempPole_7,zALFF_17Networks_LH_LimbicA_TempPole_7,,0.048707177961764,,,,,0.048707177961764
17Networks_LH_SalVentAttnA_Ins_2,zALFF_17Networks_LH_SalVentAttnA_Ins_2,,0.034944424209428,,,,,0.034944424209428
17Networks_LH_DorsAttnB_FEF_2,zALFF_17Networks_LH_DorsAttnB_FEF_2,,0.048854363747499,,,,,0.048854363747499
17Networks_LH_DorsAttnB_FEF_1,zALFF_17Networks_LH_DorsAttnB_FEF_1,,0.02872848514665,,,,,0.02872848514665
17Networks_LH_DorsAttnB_PostC_6,zALFF_17Networks_LH_DorsAttnB_PostC_6,,0.030358802440932,,,,,0.030358802440932
17Networks_LH_DorsAttnB_PostC_4,zALFF_17Networks_LH_DorsAttnB_PostC_4,,0.035281667812391,,,,,0.035281667812391
17Networks_LH_DorsAttnA_SPL_1,zALFF_17Networks_LH_DorsAttnA_SPL_1,,0.038744994339704,,,,,0.038744994339704
17Networks_LH_SomMotB_Cent_2,zALFF_17Networks_LH_SomMotB_Cent_2,,0.014233440272412,,,,,0.014233440272412
17Networks_LH_SomMotB_Cent_1,zALFF_17Networks_LH_SomMotB_Cent_1,,0.015864959883771,,,,,0.015864959883771
17Networks_LH_SomMotB_S2_4,zALFF_17Networks_LH_SomMotB_S2_4,,0.028364375431148,,,,,0.028364375431148
17Networks_LH_SomMotA_17,zALFF_17Networks_LH_SomMotA_17,,0.026202266369916,,,,,0.026202266369916
17Networks_LH_SomMotA_12,zALFF_17Networks_LH_SomMotA_12,,0.027339154916707,,,,,0.027339154916707
17Networks_LH_SomMotA_9,zALFF_17Networks_LH_SomMotA_9,,0.014233440272412,,,,,0.014233440272412
17Networks_LH_SomMotA_7,zALFF_17Networks_LH_SomMotA_7,,0.044448010809187,,,,,0.044448010809187
17Networks_LH_SomMotA_3,zALFF_17Networks_LH_SomMotA_3,,0.026202266369916,,,,,0.026202266369916
17Networks_LH_SomMotA_2,zALFF_17Networks_LH_SomMotA_2,,0.038656010010916,,,,,0.038656010010916
17Networks_LH_SomMotA_1,zALFF_17Networks_LH_SomMotA_1,,0.024345739320034,,,,,0.024345739320034
17Networks_LH_VisCent_ExStr_9,zALFF_17Networks_LH_VisCent_ExStr_9,,0.049393518081599,,,,,0.049393518081599
17Networks_RH_DorsAttnB_PostC_8,zDCwei_17Networks_RH_DorsAttnB_PostC_8zDCbin_17Networks_RH_DorsAttnB_PostC_8,0,0,0.03974501423636,0.032785140413764,0,0,0.072530154650124
17Networks_RH_VisCent_ExStr_4,zDCwei_17Networks_RH_VisCent_ExStr_4,,,,0.048635115642327,,,0.048635115642327
17Networks_LH_ContC_Cingp_1,zDCwei_17Networks_LH_ContC_Cingp_1zDCbin_17Networks_LH_ContC_Cingp_1,0,0,0.042033018633521,0.048908673805351,0,0,0.090941692438872
17Networks_LH_ContB_Temp_2,zDCwei_17Networks_LH_ContB_Temp_2,,,,0.03960872394604,,,0.03960872394604
17Networks_LH_ContA_PFCd_1,zDCwei_17Networks_LH_ContA_PFCd_1,,,,0.048181247433385,,,0.048181247433385
17Networks_LH_SalVentAttnA_FrMed_1,zDCwei_17Networks_LH_SalVentAttnA_FrMed_1zDCbin_17Networks_LH_SalVentAttnA_FrMed_1,0,0,0.028364375431148,0.019741835438349,0,0,0.048106210869497
17Networks_LH_SalVentAttnA_ParOper_1,zDCwei_17Networks_LH_SalVentAttnA_ParOper_1zDCbin_17Networks_LH_SalVentAttnA_ParOper_1,0,0,0.030358802440932,0.029132420097056,0,0,0.059491222537988
17Networks_LH_DorsAttnB_PostC_1,zDCwei_17Networks_LH_DorsAttnB_PostC_1zDCbin_17Networks_LH_DorsAttnB_PostC_1,0,0,0.042033018633521,0.043378080487068,0,0,0.085411099120589
17Networks_LH_ContA_PFClv_1,zDCbin_17Networks_LH_ContA_PFClv_1,,,0.046952526094726,,,,0.046952526094726
17Networks_LH_SalVentAttnA_ParMed_1,zDCbin_17Networks_LH_SalVentAttnA_ParMed_1,,,0.048176370550065,,,,0.048176370550065
